Date,Open,High,Low,Close,Adj Close,Volume
2019-01-02,609.98,612.0,595.01,598.98,598.98,62286.0
2019-01-03,599.97,601.66,585.8,590.0,590.0,30977.0
2019-01-04,587.28,607.67,582.02,602.0,602.0,37683.0
2019-01-07,608.0,612.0,602.22,605.49,605.49,34750.0
2019-01-08,605.5,612.0,600.28,604.79,604.79,28838.0
2019-01-09,609.99,626.16,609.04,616.12,616.12,49892.0
2019-01-10,617.13,624.88,610.25,618.77,618.77,29044.0
2019-01-11,625.0,637.0,618.75,635.88,635.88,38884.0
2019-01-14,633.0,635.89,621.55,624.6,624.6,25649.0
2019-01-15,627.86,661.5,625.0,659.98,659.98,55765.0
2019-01-16,658.0,665.65,653.6,661.1,661.1,42084.0
2019-01-17,663.0,669.7,655.8,659.25,659.25,30285.0
2019-01-18,665.0,690.2,661.5,683.61,683.61,68609.0
2019-01-21,690.0,698.88,681.88,686.98,686.98,47052.0
2019-01-22,686.0,686.0,665.22,671.0,671.0,42122.0
2019-01-23,667.22,674.5,663.13,665.66,665.66,33625.0
2019-01-24,670.3,677.83,664.68,672.5,672.5,29155.0
2019-01-25,675.88,684.9,669.93,679.7,679.7,28986.0
2019-01-28,684.0,693.98,676.03,677.0,677.0,36103.0
2019-01-29,677.5,688.0,668.0,685.0,685.0,30343.0
2019-01-30,684.99,686.22,676.0,676.0,676.0,22700.0
2019-01-31,680.0,689.6,677.56,689.6,689.6,36697.0
2019-02-01,697.04,699.0,689.61,692.67,692.67,30521.0
2019-02-11,695.0,729.5,688.18,725.3,725.3,58141.0
2019-02-12,723.0,725.49,715.2,717.92,717.92,35091.0
2019-02-13,723.0,736.16,717.22,735.25,735.25,35677.0
2019-02-14,731.2,743.66,730.14,737.16,737.16,32258.0
2019-02-15,734.88,734.88,723.02,724.78,724.78,23238.0
2019-02-18,731.0,744.95,731.0,740.0,740.0,37746.0
2019-02-19,740.96,742.5,726.66,730.76,730.76,29502.0
2019-02-20,735.0,735.0,716.06,722.0,722.0,37882.0
2019-02-21,720.0,730.48,717.0,720.25,720.25,29850.0
2019-02-22,717.0,728.49,714.1,726.01,726.01,25909.0
2019-02-25,730.75,744.44,717.99,742.33,742.33,82623.0
2019-02-26,747.8,749.18,726.0,727.35,727.35,57965.0
2019-02-27,733.0,758.02,731.0,740.7,740.7,65942.0
2019-02-28,737.9,763.42,736.95,755.01,755.01,56986.0
2019-03-01,761.5,790.0,761.0,789.3,789.3,63840.0
2019-03-04,795.0,798.33,777.22,781.86,781.86,84586.0
2019-03-05,785.0,789.55,775.88,779.78,779.78,44831.0
2019-03-06,775.0,779.5,765.88,768.0,768.0,46731.0
2019-03-07,762.22,762.22,745.56,748.6,748.6,60181.0
2019-03-08,737.9,746.83,733.65,737.5,737.5,52275.0
2019-03-11,740.04,766.95,740.04,758.54,758.54,53057.0
2019-03-12,763.82,763.83,739.0,745.01,745.01,52510.0
2019-03-13,745.5,760.75,745.5,754.0,754.0,40561.0
2019-03-14,757.0,785.0,754.0,778.0,778.0,62173.0
2019-03-15,776.0,787.5,764.85,777.3,777.3,52401.0
2019-03-18,778.8,814.53,777.0,810.09,810.09,81319.0
2019-03-19,803.0,807.92,792.3,792.61,792.61,40635.0
2019-03-20,790.0,802.3,785.0,792.8,792.8,31118.0
2019-03-21,788.0,792.8,781.5,785.75,785.75,32573.0
2019-03-22,788.22,799.98,785.0,794.0,794.0,30518.0
2019-03-25,786.0,788.0,773.3,775.6,775.6,37270.0
2019-03-26,780.0,785.94,764.1,773.0,773.0,37596.0
2019-03-27,781.0,793.88,775.0,788.5,788.5,42807.0
2019-03-28,793.43,814.48,785.68,806.8,806.8,57567.0
2019-03-29,835.0,866.68,830.17,853.99,853.99,90934.0
2019-04-01,860.0,868.95,851.0,859.0,859.0,60935.0
2019-04-02,859.99,859.99,836.06,850.0,850.0,53227.0
2019-04-03,840.12,851.74,834.21,844.5,844.5,43057.0
2019-04-04,840.0,865.8,836.2,865.0,865.0,55772.0
2019-04-08,900.0,908.0,890.12,900.2,900.2,66252.0
2019-04-09,903.0,908.2,892.51,905.0,905.0,47990.0
2019-04-10,903.0,951.9,900.0,947.99,947.99,67814.0
2019-04-11,948.0,950.0,905.55,925.2,925.2,61103.0
2019-04-12,909.0,919.99,900.01,914.0,914.0,48612.0
2019-04-15,931.0,939.0,907.0,907.0,907.0,45523.0
2019-04-16,904.9,939.9,901.22,939.9,939.9,46423.0
2019-04-17,938.0,955.51,925.0,952.0,952.0,40761.0
2019-04-18,945.41,954.68,936.22,945.5,945.5,19599.0
2019-04-19,943.96,960.95,931.31,952.56,952.56,32380.0
2019-04-22,959.5,978.89,940.61,949.2,949.2,40628.0
2019-04-23,951.0,981.22,949.2,974.95,974.95,48852.0
2019-04-24,979.88,990.0,951.22,970.0,970.0,45227.0
2019-04-25,968.79,973.99,951.22,952.37,952.37,39801.0
2019-04-26,946.3,959.88,945.0,945.0,945.0,43278.0
2019-04-29,945.0,989.0,935.0,971.97,971.97,52572.0
2019-04-30,968.0,984.96,963.11,974.0,974.0,35943.0
2019-05-06,925.5,935.0,893.0,906.0,906.0,135100.0
2019-05-07,893.28,913.94,870.22,890.0,890.0,100837.0
2019-05-08,860.0,901.8,860.0,884.4,884.4,81883.0
2019-05-09,875.0,879.87,842.5,858.81,858.81,91545.0
2019-05-10,875.66,910.78,868.19,907.12,907.12,79907.0
2019-05-13,898.86,910.98,884.0,892.0,892.0,46637.0
2019-05-14,885.0,906.0,873.0,886.57,886.57,59983.0
2019-05-15,890.24,933.0,890.24,927.0,927.0,63124.0
2019-05-16,919.0,932.0,905.0,929.91,929.91,44540.0
2019-05-17,927.02,932.3,900.1,906.79,906.79,49842.0
2019-05-20,900.0,900.0,871.0,884.96,884.96,44408.0
2019-05-21,885.0,910.0,872.02,895.0,895.0,42386.0
2019-05-22,894.98,904.0,880.0,888.0,888.0,32042.0
2019-05-23,881.0,883.98,856.22,861.0,861.0,58059.0
2019-05-24,865.0,885.0,864.44,878.5,878.5,44034.0
2019-05-27,879.1,882.99,860.05,879.0,879.0,39162.0
2019-05-28,877.99,907.49,875.02,888.0,888.0,74773.0
2019-05-29,888.01,924.95,888.01,911.91,911.91,65647.0
2019-05-30,910.0,919.99,891.22,905.3,905.3,40247.0
2019-05-31,900.53,906.99,890.0,890.0,890.0,35794.0
2019-06-03,892.0,901.35,886.28,892.0,892.0,34479.0
2019-06-04,895.0,895.43,871.0,875.3,875.3,39689.0
2019-06-05,884.0,886.26,870.0,871.6,871.6,34067.0
2019-06-06,875.62,875.77,858.0,862.13,862.13,34787.0
2019-06-10,857.98,878.95,840.0,871.08,871.08,55502.0
2019-06-11,876.0,915.61,875.0,910.89,910.89,80106.0
2019-06-12,906.22,910.99,894.0,906.7,906.7,37747.0
2019-06-13,910.0,912.3,897.0,910.0,910.0,32917.0
2019-06-14,911.0,932.3,910.02,913.0,913.0,42455.0
2019-06-17,907.0,926.94,906.02,911.6,911.6,32769.0
2019-06-18,917.0,920.0,902.6,917.0,917.0,29441.0
2019-06-19,940.0,946.7,932.01,932.01,932.01,53726.0
2019-06-20,932.5,975.5,932.2,975.0,975.0,67272.0
2019-06-21,969.97,984.49,964.5,976.3,976.3,45927.0
2019-06-24,978.3,999.69,975.0,987.1,987.1,45779.0
2019-06-25,992.0,999.0,967.0,982.98,982.98,51296.0
2019-06-26,985.0,985.0,971.22,979.86,979.86,29588.0
2019-06-27,985.0,1001.0,981.12,996.35,996.35,47978.0
2019-06-28,985.99,988.88,971.33,984.0,984.0,31088.0
2019-07-01,1004.52,1035.6,1000.22,1031.86,1031.86,52337.0
2019-07-02,1025.0,1029.5,1016.0,1025.0,1025.0,39061.0
2019-07-03,1020.0,1023.0,981.5,987.9,987.9,67139.0
2019-07-04,985.8,990.8,971.22,981.2,981.2,46217.0
2019-07-05,986.0,1006.0,976.3,999.82,999.82,50033.0
2019-07-08,995.05,997.9,975.0,984.86,984.86,33614.0
2019-07-09,979.3,989.0,968.35,976.06,976.06,31723.0
2019-07-10,980.93,990.58,977.0,982.52,982.52,28167.0
2019-07-11,989.96,998.38,976.0,981.5,981.5,30514.0
2019-07-12,981.3,991.5,980.01,986.09,986.09,28174.0
2019-07-15,967.8,980.1,951.13,975.93,975.93,59870.0
2019-07-16,975.45,982.3,965.0,968.0,968.0,33245.0
2019-07-17,968.0,972.99,962.13,963.5,963.5,25469.0
2019-07-18,961.5,963.0,947.18,947.5,947.5,39253.0
2019-07-19,955.0,960.8,948.0,955.87,955.87,28015.0
2019-07-22,960.0,964.0,950.25,957.02,957.02,28125.0
2019-07-23,962.3,962.59,943.86,953.98,953.98,32484.0
2019-07-24,958.31,959.9,944.69,946.36,946.36,46771.0
2019-07-25,945.97,963.36,938.15,963.0,963.0,38256.0
2019-07-26,961.97,971.0,958.55,965.03,965.03,26468.0
2019-07-29,962.03,979.5,960.01,976.41,976.41,26981.0
2019-07-30,976.5,983.0,971.0,978.93,978.93,19538.0
2019-07-31,975.0,981.77,966.59,972.6,972.6,22526.0
2019-08-01,976.51,977.0,953.02,959.3,959.3,35090.0
2019-08-02,944.0,957.98,943.0,954.45,954.45,39719.0
2019-08-05,945.0,954.0,940.0,942.43,942.43,36774.0
2019-08-06,931.0,948.0,923.8,946.3,946.3,43991.0
2019-08-07,949.5,955.53,945.0,945.0,945.0,26870.0
2019-08-08,953.5,974.0,952.0,971.68,971.68,38808.0
2019-08-09,978.5,980.95,958.99,962.03,962.03,28462.0
2019-08-12,1010.31,1020.1,995.01,1018.63,1018.63,81499.0
2019-08-13,1016.16,1026.0,1010.68,1017.95,1017.95,30330.0
2019-08-14,1030.02,1051.9,1030.02,1043.33,1043.33,41411.0
2019-08-15,1028.0,1046.48,1028.0,1044.9,1044.9,27237.0
2019-08-16,1049.84,1075.58,1041.0,1054.6,1054.6,36087.0
2019-08-19,1061.0,1069.98,1049.05,1055.88,1055.88,32868.0
2019-08-20,1055.0,1073.68,1050.0,1070.0,1070.0,28602.0
2019-08-21,1070.1,1076.97,1061.66,1066.0,1066.0,25067.0
2019-08-22,1072.99,1104.0,1070.0,1104.0,1104.0,37591.0
2019-08-23,1105.0,1133.56,1095.62,1130.1,1130.1,40192.0
2019-08-26,1113.0,1128.0,1096.68,1102.95,1102.95,48498.0
2019-08-27,1117.0,1131.31,1109.0,1109.0,1109.0,52164.0
2019-08-28,1109.0,1123.19,1083.01,1100.11,1100.11,47010.0
2019-08-29,1105.0,1118.18,1092.5,1113.1,1113.1,29330.0
2019-08-30,1125.0,1146.0,1123.0,1142.0,1142.0,44891.0
2019-09-02,1139.99,1144.98,1129.0,1138.76,1138.76,28234.0
2019-09-03,1140.0,1151.02,1128.56,1140.0,1140.0,29485.0
2019-09-04,1140.8,1142.91,1120.11,1125.01,1125.01,33600.0
2019-09-05,1129.0,1144.9,1128.0,1144.0,1144.0,32931.0
2019-09-06,1144.5,1146.15,1131.0,1142.49,1142.49,26177.0
2019-09-09,1145.0,1148.0,1135.0,1136.52,1136.52,29379.0
2019-09-10,1134.3,1135.0,1120.01,1123.85,1123.85,26227.0
2019-09-11,1119.22,1119.97,1068.0,1069.52,1069.52,81717.0
2019-09-12,1066.0,1109.98,1066.0,1099.0,1099.0,41211.0
2019-09-16,1083.0,1103.95,1083.0,1099.0,1099.0,31372.0
2019-09-17,1094.0,1106.66,1087.0,1094.01,1094.01,25197.0
2019-09-18,1108.5,1150.0,1108.18,1148.9,1148.9,69314.0
2019-09-19,1148.0,1150.0,1137.1,1145.0,1145.0,24480.0
2019-09-20,1151.0,1160.0,1147.59,1157.42,1157.42,37627.0
2019-09-23,1157.0,1157.0,1131.0,1149.0,1149.0,30026.0
2019-09-24,1155.0,1184.9,1152.0,1184.0,1184.0,36269.0
2019-09-25,1180.0,1188.87,1170.5,1174.0,1174.0,24025.0
2019-09-26,1174.94,1183.35,1158.81,1167.0,1167.0,26082.0
2019-09-27,1164.0,1183.0,1153.0,1174.75,1174.75,22827.0
2019-09-30,1163.0,1169.43,1150.0,1150.0,1150.0,30825.0
2019-10-08,1153.0,1180.0,1152.01,1167.1,1167.1,31045.0
2019-10-09,1166.2,1166.2,1135.05,1146.81,1146.81,35789.0
2019-10-10,1127.0,1158.93,1109.02,1155.0,1155.0,41174.0
2019-10-11,1157.0,1175.0,1152.21,1174.6,1174.6,28689.0
2019-10-14,1186.0,1187.66,1170.0,1180.0,1180.0,27188.0
2019-10-15,1180.0,1215.68,1177.03,1211.0,1211.0,40035.0
2019-10-16,1168.0,1187.5,1160.0,1170.0,1170.0,59151.0
2019-10-17,1176.0,1186.66,1162.5,1183.33,1183.33,30509.0
2019-10-18,1179.0,1189.99,1171.69,1175.79,1175.79,28292.0
2019-10-21,1171.86,1178.9,1163.3,1168.5,1168.5,25275.0
2019-10-22,1178.0,1181.5,1163.89,1170.8,1170.8,19309.0
2019-10-23,1168.0,1178.0,1156.11,1158.91,1158.91,23080.0
2019-10-24,1164.95,1166.0,1147.16,1150.27,1150.27,26178.0
2019-10-25,1153.3,1172.5,1143.03,1171.35,1171.35,25998.0
2019-10-28,1166.01,1181.01,1165.0,1178.29,1178.29,22486.0
2019-10-29,1181.11,1199.96,1177.77,1193.0,1193.0,27804.0
2019-10-30,1190.0,1192.7,1176.0,1183.8,1183.8,21255.0
2019-10-31,1196.0,1198.0,1176.15,1180.01,1180.01,25909.0
2019-11-01,1181.0,1191.95,1172.5,1185.0,1185.0,22812.0
2019-11-04,1190.0,1209.99,1189.0,1199.59,1199.59,26738.0
2019-11-05,1199.5,1205.0,1192.0,1199.0,1199.0,22255.0
2019-11-06,1197.0,1204.0,1188.88,1193.0,1193.0,19738.0
2019-11-07,1196.51,1201.88,1189.0,1201.37,1201.37,16168.0
2019-11-08,1205.0,1215.65,1201.51,1205.0,1205.0,24512.0
2019-11-11,1201.5,1206.2,1193.51,1199.0,1199.0,17342.0
2019-11-12,1204.0,1209.6,1198.21,1201.6,1201.6,19151.0
2019-11-13,1207.0,1227.8,1200.0,1224.0,1224.0,31977.0
2019-11-14,1227.0,1240.0,1222.0,1230.0,1230.0,23521.0
2019-11-15,1230.0,1232.91,1221.5,1224.9,1224.9,16341.0
2019-11-18,1225.12,1229.45,1218.0,1227.28,1227.28,18038.0
2019-11-19,1228.0,1241.61,1225.02,1232.32,1232.32,20624.0
2019-11-20,1230.0,1239.51,1228.06,1233.75,1233.75,15281.0
2019-11-21,1231.0,1235.51,1221.06,1231.3,1231.3,19187.0
2019-11-22,1223.0,1229.0,1185.0,1194.0,1194.0,47054.0
2019-11-25,1188.05,1194.0,1172.06,1182.06,1182.06,38282.0
2019-11-26,1186.68,1198.6,1183.0,1185.0,1185.0,40240.0
2019-11-27,1192.8,1196.62,1184.51,1189.95,1189.95,19849.0
2019-11-28,1194.97,1197.51,1169.02,1175.8,1175.8,28845.0
2019-11-29,1165.5,1165.5,1112.89,1129.0,1129.0,82397.0
2019-12-02,1118.2,1140.02,1118.2,1133.0,1133.0,30784.0
2019-12-03,1133.0,1133.0,1117.74,1118.0,1118.0,27341.0
2019-12-04,1140.0,1144.66,1118.0,1122.33,1122.33,35283.0
2019-12-05,1125.0,1132.01,1118.0,1129.8,1129.8,21339.0
2019-12-06,1135.97,1170.0,1130.1,1170.0,1170.0,39506.0
2019-12-09,1175.0,1176.0,1156.1,1158.7,1158.7,21824.0
2019-12-10,1159.6,1165.0,1151.0,1164.4,1164.4,15087.0
2019-12-11,1168.0,1170.75,1155.55,1158.98,1158.98,14568.0
2019-12-12,1156.0,1159.94,1130.08,1137.0,1137.0,29409.0
2019-12-13,1146.0,1165.0,1146.0,1163.0,1163.0,30001.0
2019-12-16,1163.0,1163.0,1137.94,1147.92,1147.92,30936.0
2019-12-17,1149.7,1173.6,1143.03,1169.98,1169.98,42617.0
2019-12-18,1174.0,1175.2,1164.0,1168.0,1168.0,19640.0
2019-12-19,1163.0,1163.0,1152.0,1157.4,1157.4,19552.0
2019-12-20,1162.18,1162.18,1141.5,1146.3,1146.3,23564.0
2019-12-23,1139.0,1162.5,1136.0,1149.3,1149.3,25919.0
2019-12-24,1153.0,1155.0,1145.0,1148.0,1148.0,11823.0
2019-12-25,1143.0,1143.0,1130.01,1133.7,1133.7,24306.0
2019-12-26,1132.0,1141.98,1119.99,1135.1,1135.1,22877.0
2019-12-27,1150.0,1172.0,1150.0,1163.0,1163.0,47066.0
2019-12-30,1170.2,1195.5,1170.2,1185.8,1185.8,40761.0
2019-12-31,1183.0,1188.0,1176.51,1183.0,1183.0,22589.0
2020-01-02,1128.0,1145.06,1116.0,1130.0,1130.0,148099.0
2020-01-03,1117.0,1117.0,1076.9,1078.56,1078.56,130319.0
2020-01-06,1070.86,1092.9,1067.3,1077.99,1077.99,63415.0
2020-01-07,1077.5,1099.0,1076.4,1094.53,1094.53,47854.0
2020-01-08,1085.05,1095.5,1082.58,1088.14,1088.14,25008.0
2020-01-09,1094.0,1105.39,1090.0,1102.7,1102.7,37406.0
2020-01-10,1109.0,1115.99,1102.5,1112.5,1112.5,35976.0
2020-01-13,1112.5,1129.2,1112.0,1124.27,1124.27,38516.0
2020-01-14,1124.2,1124.89,1103.0,1107.4,1107.4,35145.0
2020-01-15,1109.01,1121.6,1105.0,1112.13,1112.13,26029.0
2020-01-16,1118.87,1118.87,1102.58,1107.0,1107.0,23192.0
2020-01-17,1110.0,1112.78,1101.01,1107.5,1107.5,23473.0
2020-01-20,1111.86,1111.86,1082.0,1091.0,1091.0,35391.0
2020-01-21,1081.0,1087.0,1072.3,1075.3,1075.3,32874.0
2020-01-22,1070.0,1084.0,1055.38,1075.51,1075.51,36200.0
2020-01-23,1076.0,1076.0,1037.0,1052.8,1052.8,53468.0
2020-02-03,985.0,1010.68,980.0,1003.92,1003.92,123443.0
2020-02-04,1015.0,1057.0,1011.01,1038.01,1038.01,62624.0
2020-02-05,1050.0,1054.0,1033.03,1049.99,1049.99,47418.0
2020-02-06,1059.43,1075.0,1052.02,1071.0,1071.0,47171.0
2020-02-07,1070.01,1077.0,1061.02,1076.0,1076.0,31279.0
2020-02-10,1062.0,1074.6,1057.2,1066.49,1066.49,30533.0
2020-02-11,1063.0,1099.68,1062.8,1098.0,1098.0,47918.0
2020-02-12,1089.0,1098.79,1085.88,1097.27,1097.27,28125.0
2020-02-13,1098.0,1113.89,1088.01,1091.0,1091.0,30357.0
2020-02-14,1090.45,1093.51,1083.11,1088.0,1088.0,23288.0
2020-02-17,1082.5,1096.19,1082.4,1093.82,1093.82,27028.0
2020-02-18,1090.01,1096.88,1083.0,1084.0,1084.0,26665.0
2020-02-19,1085.0,1101.5,1078.0,1096.5,1096.5,37051.0
2020-02-20,1096.7,1124.0,1095.41,1118.0,1118.0,46803.0
2020-02-21,1111.46,1123.54,1110.01,1112.88,1112.88,28940.0
2020-02-24,1105.5,1110.0,1085.5,1087.18,1087.18,38650.0
2020-02-25,1078.0,1082.09,1067.88,1074.81,1074.81,38386.0
2020-02-26,1062.0,1084.0,1055.0,1073.7,1073.7,43561.0
2020-02-27,1076.0,1094.99,1076.0,1087.39,1087.39,34498.0
2020-02-28,1070.3,1082.0,1049.97,1057.0,1057.0,49947.0
2020-03-02,1050.11,1096.55,1050.01,1086.01,1086.01,47663.0
2020-03-03,1098.0,1118.88,1098.0,1113.0,1113.0,50250.0
2020-03-04,1125.0,1139.0,1116.24,1128.92,1128.92,53793.0
2020-03-05,1136.31,1174.99,1130.56,1171.0,1171.0,62426.0
2020-03-06,1163.0,1176.0,1151.98,1155.5,1155.5,30641.0
2020-03-09,1135.0,1135.0,1111.31,1114.01,1114.01,43404.0
2020-03-10,1113.0,1168.0,1113.0,1156.0,1156.0,58063.0
2020-03-11,1155.5,1169.58,1141.0,1158.52,1158.52,35548.0
2020-03-12,1141.22,1153.0,1125.1,1138.5,1138.5,36631.0
2020-03-13,1090.0,1128.98,1080.0,1112.03,1112.03,75885.0
2020-03-16,1103.98,1107.95,1062.0,1067.0,1067.0,51233.0
2020-03-17,1055.0,1078.0,1011.12,1045.1,1045.1,79359.0
2020-03-18,1040.0,1060.0,1007.99,1007.99,1007.99,73460.0
2020-03-19,993.99,1015.0,960.1,996.0,996.0,102265.0
2020-03-20,1011.0,1043.0,1011.0,1035.28,1035.28,60139.0
2020-03-23,1000.0,1035.28,991.52,1019.0,1019.0,48472.0
2020-03-24,1043.0,1058.88,1035.0,1056.0,1056.0,46651.0
2020-03-25,1087.98,1091.36,1074.2,1080.1,1080.1,37049.0
2020-03-26,1073.33,1091.2,1062.0,1064.92,1064.92,30049.0
2020-03-27,1085.0,1092.0,1075.01,1075.5,1075.5,36261.0
2020-03-30,1060.25,1077.0,1057.0,1072.0,1072.0,30687.0
2020-03-31,1082.0,1115.0,1081.8,1111.0,1111.0,47984.0
2020-04-01,1117.0,1129.0,1103.0,1103.0,1103.0,33205.0
2020-04-02,1104.0,1145.0,1103.88,1145.0,1145.0,45206.0
2020-04-03,1139.03,1147.96,1131.98,1139.79,1139.79,27618.0
2020-04-07,1161.95,1166.5,1148.89,1159.95,1159.95,43488.0
2020-04-08,1152.0,1166.31,1152.0,1159.76,1159.76,24224.0
2020-04-09,1166.0,1169.0,1147.96,1158.5,1158.5,22817.0
2020-04-10,1157.88,1181.5,1153.5,1165.0,1165.0,27804.0
2020-04-13,1165.0,1169.98,1148.5,1162.3,1162.3,15981.0
2020-04-14,1176.0,1191.55,1166.0,1185.1,1185.1,36800.0
2020-04-15,1192.0,1203.99,1187.1,1189.6,1189.6,29332.0
2020-04-16,1192.97,1197.1,1184.1,1197.1,1197.1,21728.0
2020-04-17,1210.0,1234.56,1205.01,1226.0,1226.0,38246.0
2020-04-20,1221.0,1231.5,1216.8,1227.3,1227.3,24239.0
2020-04-21,1221.02,1223.99,1193.0,1200.0,1200.0,29224.0
2020-04-22,1206.0,1249.5,1202.22,1244.5,1244.5,44035.0
2020-04-23,1250.0,1265.68,1247.77,1252.26,1252.26,26899.0
2020-04-24,1248.0,1259.89,1235.18,1250.56,1250.56,19122.0
2020-04-27,1257.0,1278.17,1250.96,1276.0,1276.0,25904.0
2020-04-28,1285.31,1299.94,1271.88,1279.13,1279.13,34662.0
2020-04-29,1277.8,1288.1,1258.0,1274.9,1274.9,23444.0
2020-04-30,1271.0,1285.01,1258.88,1265.7,1265.7,24661.0
2020-05-06,1251.0,1300.0,1250.0,1300.0,1300.0,35835.0
2020-05-07,1299.4,1314.99,1293.0,1312.0,1312.0,27935.0
2020-05-08,1317.0,1338.0,1308.51,1314.61,1314.61,29079.0
2020-05-11,1320.0,1335.0,1313.67,1323.01,1323.01,23671.0
2020-05-12,1318.0,1334.99,1316.0,1333.0,1333.0,19722.0
2020-05-13,1333.0,1337.99,1322.88,1335.95,1335.95,22014.0
2020-05-14,1330.0,1334.88,1325.11,1326.59,1326.59,18575.0
2020-05-15,1329.0,1333.5,1301.88,1313.0,1313.0,26398.0
2020-05-18,1306.0,1351.5,1305.13,1346.21,1346.21,34362.0
2020-05-19,1364.0,1364.0,1338.0,1346.11,1346.11,24787.0
2020-05-20,1346.11,1359.18,1336.81,1351.0,1351.0,21183.0
2020-05-21,1355.0,1371.96,1352.86,1366.1,1366.1,23052.0
2020-05-22,1366.0,1366.1,1322.88,1328.2,1328.2,34427.0
2020-05-25,1330.0,1366.58,1321.0,1362.9,1362.9,31561.0
2020-05-26,1369.88,1369.95,1355.0,1358.0,1358.0,22470.0
2020-05-27,1359.0,1360.0,1333.0,1338.0,1338.0,26777.0
2020-05-28,1337.97,1346.94,1321.13,1344.0,1344.0,26486.0
2020-05-29,1332.1,1369.98,1332.1,1366.6,1366.6,30444.0
2020-06-01,1381.0,1420.1,1381.0,1419.5,1419.5,35480.0
2020-06-02,1416.01,1427.9,1406.66,1410.71,1410.71,25960.0
2020-06-03,1415.0,1417.5,1395.77,1399.3,1399.3,23557.0
2020-06-04,1396.0,1411.0,1396.0,1407.99,1407.99,18037.0
2020-06-05,1405.25,1428.88,1401.08,1425.0,1425.0,18347.0
2020-06-08,1425.0,1435.0,1402.01,1406.1,1406.1,29300.0
2020-06-09,1408.0,1425.0,1400.68,1416.55,1416.55,22612.0
2020-06-10,1425.0,1433.33,1417.0,1423.66,1423.66,22701.0
2020-06-11,1411.01,1417.99,1396.99,1400.46,1400.46,30712.0
2020-06-12,1387.17,1416.37,1383.31,1416.37,1416.37,28427.0
2020-06-15,1402.0,1411.6,1381.0,1383.0,1383.0,34615.0
2020-06-16,1398.5,1414.0,1393.13,1403.88,1403.88,29207.0
2020-06-17,1411.86,1411.9,1395.02,1405.0,1405.0,19453.0
2020-06-18,1404.9,1413.2,1400.1,1413.0,1413.0,21010.0
2020-06-19,1420.0,1445.2,1415.1,1439.84,1439.84,38958.0
2020-06-22,1435.1,1443.89,1433.2,1439.0,1439.0,23247.0
2020-06-23,1435.0,1482.0,1433.52,1474.5,1474.5,33934.0
2020-06-24,1463.6,1465.71,1445.0,1460.01,1460.01,25139.0
2020-06-29,1448.0,1466.0,1437.01,1463.17,1463.17,28081.0
2020-06-30,1463.12,1468.98,1455.12,1462.88,1462.88,22446.0
2020-07-01,1468.0,1506.1,1464.02,1494.27,1494.27,38682.0
2020-07-02,1499.0,1550.9,1495.0,1544.0,1544.0,45884.0
2020-07-03,1550.0,1552.5,1516.88,1541.79,1541.79,35126.0
2020-07-06,1538.0,1616.0,1531.81,1600.0,1600.0,51822.0
2020-07-07,1603.09,1744.82,1601.0,1688.0,1688.0,66664.0
2020-07-08,1680.0,1719.0,1660.0,1681.34,1681.34,53170.0
2020-07-09,1691.0,1712.0,1682.0,1706.0,1706.0,35033.0
2020-07-10,1689.0,1736.6,1688.94,1713.85,1713.85,37100.0
2020-07-13,1714.68,1787.0,1714.68,1781.99,1781.99,60727.0
2020-07-14,1781.99,1782.03,1748.4,1762.0,1762.0,46094.0
2020-07-15,1744.88,1782.6,1744.71,1752.53,1752.53,40713.0
2020-07-16,1729.91,1729.91,1600.0,1614.0,1614.0,102242.0
2020-07-17,1620.0,1672.59,1620.0,1648.05,1648.05,65902.0
2020-07-20,1652.5,1663.99,1588.88,1636.96,1636.96,45280.0
2020-07-21,1646.64,1702.8,1630.99,1668.0,1668.0,41970.0
2020-07-22,1658.0,1710.0,1658.0,1678.08,1678.08,39201.0
2020-07-23,1672.0,1691.0,1650.0,1676.0,1676.0,34321.0
2020-07-24,1654.85,1666.0,1585.0,1595.3,1595.3,78752.0
2020-07-27,1616.01,1629.8,1600.0,1622.55,1622.55,38788.0
2020-07-28,1630.0,1680.0,1630.0,1670.0,1670.0,54912.0
2020-07-29,1690.0,1690.0,1633.0,1672.0,1672.0,50748.0
2020-07-30,1671.2,1700.59,1670.5,1680.0,1680.0,38373.0
2020-07-31,1685.0,1705.0,1646.0,1678.18,1678.18,40685.0
2020-08-03,1686.88,1696.58,1660.0,1668.0,1668.0,34661.0
2020-08-04,1675.0,1682.99,1660.0,1669.99,1669.99,31941.0
2020-08-05,1662.09,1673.09,1643.31,1668.0,1668.0,25522.0
2020-08-06,1670.0,1674.03,1630.0,1637.96,1637.96,32649.0
2020-08-07,1644.77,1649.67,1598.5,1631.0,1631.0,34242.0
2020-08-10,1627.97,1644.96,1608.11,1633.99,1633.99,23624.0
2020-08-11,1640.0,1666.43,1640.0,1642.51,1642.51,35818.0
2020-08-12,1633.0,1641.0,1605.25,1626.95,1626.95,27934.0
2020-08-13,1630.0,1638.88,1609.0,1635.0,1635.0,20541.0
2020-08-14,1639.9,1665.7,1631.0,1661.0,1661.0,37653.0
2020-08-17,1674.0,1704.35,1670.0,1690.0,1690.0,43572.0
2020-08-18,1697.38,1720.0,1691.0,1705.0,1705.0,30423.0
2020-08-19,1700.0,1717.0,1682.99,1687.0,1687.0,26915.0
2020-08-20,1674.0,1679.0,1656.0,1664.0,1664.0,22382.0
2020-08-21,1673.0,1698.0,1671.0,1676.0,1676.0,25082.0
2020-08-24,1700.0,1708.0,1691.01,1696.35,1696.35,30933.0
2020-08-25,1704.8,1746.78,1698.63,1727.0,1727.0,41872.0
2020-08-26,1734.0,1745.0,1715.02,1727.0,1727.0,26216.0
2020-08-27,1731.99,1733.98,1705.0,1731.0,1731.0,22636.0
2020-08-28,1731.0,1764.0,1721.5,1757.0,1757.0,42300.0
2020-08-31,1770.58,1816.0,1770.58,1786.5,1786.5,47810.0
2020-09-01,1792.0,1802.0,1775.01,1801.98,1801.98,31640.0
2020-09-02,1825.0,1828.0,1770.0,1795.0,1795.0,32009.0
2020-09-03,1795.0,1812.0,1779.7,1793.0,1793.0,30437.0
2020-09-04,1766.0,1776.99,1746.0,1770.0,1770.0,30858.0
2020-09-07,1760.0,1777.99,1703.97,1723.5,1723.5,31112.0
2020-09-08,1732.0,1737.8,1677.07,1711.4,1711.4,34472.0
2020-09-09,1699.67,1711.0,1680.04,1688.0,1688.0,25964.0
2020-09-10,1703.74,1720.0,1700.0,1705.8,1705.8,24778.0
2020-09-11,1688.0,1736.0,1688.0,1733.0,1733.0,31088.0
2020-09-14,1745.0,1769.0,1730.58,1766.0,1766.0,31056.0
2020-09-15,1769.99,1769.99,1747.75,1760.0,1760.0,20821.0
2020-09-16,1760.0,1764.81,1719.0,1725.1,1725.1,22516.0
2020-09-17,1700.0,1700.0,1658.0,1670.52,1670.52,63680.0
2020-09-18,1665.0,1695.0,1635.01,1695.0,1695.0,47201.0
2020-09-21,1692.76,1692.76,1666.66,1666.8,1666.8,22444.0
2020-09-22,1650.0,1686.98,1650.0,1665.69,1665.69,23265.0
2020-09-23,1635.0,1666.01,1621.02,1649.98,1649.98,35726.0
2020-09-24,1635.97,1658.88,1626.8,1629.32,1629.32,30051.0
2020-09-25,1630.0,1650.0,1625.0,1635.11,1635.11,22583.0
2020-09-28,1635.19,1668.5,1635.19,1661.0,1661.0,24232.0
2020-09-29,1669.33,1669.4,1652.3,1652.3,1652.3,17431.0
2020-09-30,1660.0,1691.9,1660.0,1668.5,1668.5,27088.0
2020-10-09,1692.0,1706.42,1688.0,1696.0,1696.0,34240.0
2020-10-12,1700.0,1750.61,1700.0,1750.61,1750.61,43729.0
2020-10-13,1750.62,1750.62,1735.0,1739.0,1739.0,22944.0
2020-10-14,1740.0,1746.98,1726.0,1729.0,1729.0,20481.0
2020-10-15,1721.13,1735.0,1721.0,1725.0,1725.0,16204.0
2020-10-16,1725.0,1734.58,1703.0,1712.0,1712.0,17377.0
2020-10-19,1725.0,1733.98,1691.9,1699.0,1699.0,19226.0
2020-10-20,1699.99,1734.97,1695.0,1734.0,1734.0,27735.0
2020-10-21,1734.1,1742.15,1723.0,1733.33,1733.33,18901.0
2020-10-22,1730.0,1745.0,1715.51,1742.5,1742.5,22481.0
2020-10-23,1740.78,1747.59,1714.0,1715.33,1715.33,19292.0
2020-10-26,1619.0,1662.92,1600.0,1643.0,1643.0,66015.0
2020-10-27,1643.0,1644.0,1616.12,1625.0,1625.0,43944.0
2020-10-28,1626.0,1677.0,1625.08,1664.81,1664.81,34637.0
2020-10-29,1654.84,1708.0,1647.0,1676.0,1676.0,39374.0
2020-10-30,1678.0,1696.0,1665.0,1670.02,1670.02,26055.0
2020-11-02,1675.0,1695.0,1672.0,1674.01,1674.01,21066.0
2020-11-03,1684.99,1705.9,1675.5,1695.0,1695.0,23497.0
2020-11-04,1700.0,1704.0,1685.0,1699.58,1699.58,16444.0
2020-11-05,1717.0,1732.48,1712.1,1721.9,1721.9,23524.0
2020-11-06,1730.55,1731.59,1690.0,1700.62,1700.62,23052.0
2020-11-09,1701.38,1750.68,1700.62,1742.57,1742.57,41470.0
2020-11-10,1752.92,1764.48,1736.0,1745.0,1745.0,30189.0
2020-11-11,1745.0,1777.5,1731.0,1731.35,1731.35,34851.0
2020-11-12,1730.01,1750.0,1722.27,1734.79,1734.79,23473.0
2020-11-13,1724.0,1728.88,1691.0,1705.0,1705.0,28155.0
2020-11-16,1711.0,1730.05,1697.26,1730.05,1730.05,30613.0
2020-11-17,1740.0,1742.35,1701.07,1715.8,1715.8,25224.0
2020-11-18,1715.0,1720.53,1683.16,1693.65,1693.65,35179.0
2020-11-19,1684.5,1725.0,1680.6,1720.19,1720.19,27816.0
2020-11-20,1720.0,1736.0,1712.65,1719.96,1719.96,21875.0
2020-11-23,1771.01,1809.9,1771.01,1790.21,1790.21,66637.0
2020-11-24,1769.99,1782.5,1751.47,1763.5,1763.5,32465.0
2020-11-25,1761.5,1768.88,1724.0,1726.88,1726.88,28226.0
2020-11-26,1726.0,1739.99,1725.18,1734.39,1734.39,23228.0
2020-11-27,1732.66,1740.03,1718.0,1737.9,1737.9,21569.0
2020-11-30,1735.0,1738.9,1713.91,1713.91,1713.91,31940.0
2020-12-01,1726.0,1738.99,1720.01,1737.0,1737.0,28196.0
2020-12-02,1746.0,1749.0,1731.0,1738.01,1738.01,23572.0
2020-12-03,1738.01,1755.66,1732.1,1749.0,1749.0,29506.0
2020-12-04,1752.0,1800.1,1752.0,1793.11,1793.11,62491.0
2020-12-07,1802.7,1840.39,1800.55,1812.4,1812.4,58331.0
2020-12-08,1815.0,1875.0,1813.0,1850.0,1850.0,61454.0
2020-12-09,1865.95,1866.0,1839.0,1840.0,1840.0,31152.0
2020-12-10,1840.0,1849.77,1828.0,1832.9,1832.9,32654.0
2020-12-11,1834.78,1837.32,1804.81,1820.0,1820.0,30776.0
2020-12-14,1827.77,1829.98,1815.0,1829.0,1829.0,33052.0
2020-12-15,1833.5,1837.22,1805.0,1816.01,1816.01,29605.0
2020-12-16,1830.5,1845.67,1820.21,1840.0,1840.0,32150.0
2020-12-17,1845.5,1868.0,1840.0,1865.51,1865.51,36031.0
2020-12-18,1851.81,1869.01,1841.08,1845.0,1845.0,27077.0
2020-12-21,1840.0,1851.23,1837.6,1842.5,1842.5,30697.0
2020-12-22,1849.97,1898.99,1842.51,1881.0,1881.0,40651.0
2020-12-23,1897.99,1906.2,1821.02,1841.65,1841.65,47706.0
2020-12-24,1818.0,1858.88,1795.02,1830.34,1830.34,37857.0
2020-12-25,1802.99,1847.0,1800.0,1830.0,1830.0,23088.0
2020-12-28,1826.6,1888.8,1826.05,1873.0,1873.0,30080.0
2020-12-29,1873.0,1886.8,1855.0,1867.0,1867.0,22868.0
2020-12-30,1870.0,1933.0,1869.99,1933.0,1933.0,34452.0
2020-12-31,1941.0,1998.98,1939.0,1998.0,1998.0,38860.0
2021-01-04,1999.98,2004.99,1983.81,1997.0,1997.0,43514.0
2021-01-05,1990.0,2059.45,1982.46,2059.45,2059.45,52116.0
2021-01-06,2064.8,2125.0,2036.03,2100.0,2100.0,47410.0
2021-01-07,2097.0,2140.0,2075.0,2140.0,2140.0,37931.0
2021-01-08,2142.0,2150.88,2063.02,2090.0,2090.0,53862.0
2021-01-11,2090.0,2150.5,2058.6,2099.73,2099.73,51080.0
2021-01-12,2088.0,2160.9,2085.0,2160.9,2160.9,41059.0
2021-01-13,2164.0,2173.33,2135.0,2164.0,2164.0,34390.0
2021-01-14,2156.0,2163.0,2116.11,2134.0,2134.0,36152.0
2021-01-15,2115.0,2134.35,2029.0,2082.0,2082.0,59509.0
2021-01-18,2061.06,2091.48,2040.27,2063.0,2063.0,39144.0
2021-01-19,2073.11,2096.3,2006.85,2009.41,2009.41,46345.0
2021-01-20,2008.0,2055.49,1982.5,2040.63,2040.63,45082.0
2021-01-21,2048.0,2090.02,2041.0,2070.0,2070.0,38310.0
2021-01-22,2069.0,2100.0,2060.1,2079.95,2079.95,29248.0
2021-01-25,2083.0,2179.5,2083.0,2175.0,2175.0,55957.0
2021-01-26,2185.0,2187.0,2125.11,2141.89,2141.89,31747.0
2021-01-27,2141.89,2141.89,2085.0,2089.0,2089.0,37120.0
2021-01-28,2080.0,2109.66,2060.02,2088.0,2088.0,35129.0
2021-01-29,2101.19,2149.48,2090.22,2116.18,2116.18,33701.0
2021-02-01,2130.0,2160.0,2095.0,2109.32,2109.32,29341.0
2021-02-02,2112.22,2149.99,2102.1,2145.0,2145.0,34582.0
2021-02-03,2150.0,2198.27,2140.0,2189.91,2189.91,38714.0
2021-02-04,2191.0,2330.0,2191.0,2320.85,2320.85,63851.0
2021-02-05,2325.0,2364.6,2291.0,2313.0,2313.0,39729.0
2021-02-08,2337.0,2378.88,2313.0,2368.8,2368.8,35786.0
2021-02-09,2368.8,2456.43,2350.0,2456.43,2456.43,33297.0
2021-02-10,2485.0,2601.2,2485.0,2601.0,2601.0,61371.0
2021-02-18,2587.98,2627.88,2465.0,2471.0,2471.0,65912.0
2021-02-19,2451.16,2496.66,2381.6,2460.0,2460.0,59385.0
2021-02-22,2455.0,2455.0,2278.22,2288.02,2288.02,78935.0
2021-02-23,2265.14,2344.89,2265.0,2307.0,2307.0,57455.0
2021-02-24,2307.99,2318.0,2160.5,2189.0,2189.0,82116.0
2021-02-25,2209.0,2224.5,2121.21,2150.0,2150.0,59726.0
2021-02-26,2100.0,2179.95,2067.3,2122.78,2122.78,66525.0
2021-03-01,2179.0,2179.0,2120.0,2158.0,2158.0,44916.0
2021-03-02,2180.0,2180.0,2033.0,2058.0,2058.0,70765.0
2021-03-03,2040.0,2149.77,2033.0,2140.0,2140.0,54215.0
2021-03-04,2095.0,2096.0,2010.1,2033.0,2033.0,65088.0
2021-03-05,2000.0,2095.0,1988.0,2060.11,2060.11,63779.0
2021-03-08,2074.96,2085.0,1960.0,1960.0,1960.0,63100.0
2021-03-09,1955.0,2000.0,1900.18,1936.99,1936.99,82266.0
2021-03-10,1977.0,1999.87,1967.0,1970.01,1970.01,51172.0
2021-03-11,1975.0,2079.99,1961.48,2048.0,2048.0,56769.0
2021-03-12,2070.0,2077.0,2002.01,2026.0,2026.0,40323.0
2021-03-15,2050.0,2069.8,1951.15,1975.45,1975.45,62485.0
2021-03-16,1974.93,2019.99,1965.0,2010.5,2010.5,34649.0
2021-03-17,2000.0,2050.0,1976.01,2030.36,2030.36,31375.0
2021-03-18,2035.0,2086.36,2035.0,2069.7,2069.7,33865.0
2021-03-19,2035.0,2043.0,1992.23,2010.0,2010.0,35781.0
2021-03-22,2000.1,2026.09,1955.55,1989.99,1989.99,36914.0
2021-03-23,1998.88,2008.8,1970.0,1996.0,1996.0,27446.0
2021-03-24,1981.0,2013.0,1981.0,1989.0,1989.0,29357.0
2021-03-25,1970.01,1988.88,1946.8,1971.0,1971.0,31575.0
2021-03-26,1985.0,2022.0,1958.0,2013.0,2013.0,50016.0
2021-03-29,2043.2,2096.35,2026.15,2034.1,2034.1,56992.0
2021-03-30,2040.0,2086.0,2035.08,2056.05,2056.05,32627.0
2021-03-31,2045.1,2046.02,2000.0,2009.0,2009.0,37154.0
2021-04-01,2021.0,2046.8,2001.22,2044.5,2044.5,26588.0
2021-04-02,2056.0,2165.0,2056.0,2162.0,2162.0,52028.0
2021-04-06,2161.0,2161.98,2102.3,2126.03,2126.03,32742.0
2021-04-07,2104.06,2117.3,2050.0,2061.0,2061.0,40201.0
2021-04-08,2047.03,2079.0,2044.0,2070.0,2070.0,28548.0
2021-04-09,2042.0,2054.0,2005.01,2020.0,2020.0,28809.0
2021-04-12,2011.0,2030.0,1991.7,2008.89,2008.89,31943.0
2021-04-13,2020.0,2049.8,2009.0,2021.0,2021.0,28992.0
2021-04-14,2035.0,2048.0,2016.0,2047.0,2047.0,24115.0
2021-04-15,2030.9,2046.9,1990.0,2015.6,2015.6,34366.0
2021-04-16,2025.08,2068.0,2012.0,2054.98,2054.98,30294.0
2021-04-19,2055.0,2098.36,2033.0,2088.0,2088.0,31754.0
2021-04-20,2071.1,2129.0,2070.0,2094.8,2094.8,28290.0
2021-04-21,2076.0,2097.8,2065.1,2080.0,2080.0,26150.0
2021-04-22,2089.9,2099.0,2051.5,2055.5,2055.5,26850.0
2021-04-23,2055.97,2119.88,2052.5,2108.94,2108.94,33463.0
2021-04-26,2132.0,2135.0,2073.6,2077.82,2077.82,34045.0
2021-04-27,2087.08,2095.25,2065.09,2094.44,2094.44,22108.0
2021-04-28,2010.0,2047.5,2003.0,2042.0,2042.0,81343.0
2021-04-29,2047.04,2049.94,2014.0,2026.36,2026.36,41284.0
2021-04-30,2026.0,2036.0,2003.71,2006.78,2006.78,38401.0
2021-05-06,2000.0,2006.84,1953.0,1959.0,1959.0,53546.0
2021-05-07,1965.0,1967.98,1901.0,1903.0,1903.0,52493.0
2021-05-10,1900.0,1909.0,1866.01,1879.03,1879.03,46003.0
2021-05-11,1876.0,1966.0,1873.3,1959.0,1959.0,42494.0
2021-05-12,1949.08,1999.0,1949.0,1984.0,1984.0,32699.0
2021-05-13,1965.75,1985.05,1953.0,1971.5,1971.5,25078.0
2021-05-14,1982.0,2030.5,1976.0,2009.85,2009.85,35611.0
2021-05-17,2025.1,2085.2,2025.1,2057.96,2057.96,44524.0
2021-05-18,2065.0,2077.0,2045.06,2059.31,2059.31,17504.0
2021-05-19,2059.0,2074.81,2040.0,2049.0,2049.0,22410.0
2021-05-20,2074.0,2074.1,2045.36,2058.88,2058.88,21857.0
2021-05-21,2055.08,2079.88,2037.02,2042.1,2042.1,24248.0
2021-05-24,2051.0,2080.06,2031.0,2071.29,2071.29,32548.0
2021-05-25,2085.0,2200.1,2085.0,2194.5,2194.5,67757.0
2021-05-26,2207.98,2241.8,2193.08,2220.0,2220.0,38604.0
2021-05-27,2211.02,2320.0,2201.1,2245.0,2245.0,45373.0
2021-05-28,2240.97,2250.0,2205.51,2230.0,2230.0,25807.0
2021-05-31,2215.5,2218.35,2172.0,2218.0,2218.0,31739.0
2021-06-01,2222.0,2248.95,2206.0,2240.95,2240.95,30616.0
2021-06-02,2250.0,2264.0,2208.18,2222.0,2222.0,22863.0
2021-06-03,2220.0,2260.34,2210.08,2222.22,2222.22,23450.0
2021-06-04,2215.0,2288.0,2214.04,2251.5,2251.5,31422.0
2021-06-07,2265.0,2279.0,2240.01,2271.0,2271.0,25466.0
2021-06-08,2260.0,2279.99,2161.15,2191.0,2191.0,47314.0
2021-06-09,2192.0,2214.0,2160.11,2199.5,2199.5,25502.0
2021-06-10,2195.0,2251.37,2190.08,2238.48,2238.48,25567.0
2021-06-11,2239.0,2244.0,2178.81,2178.81,2178.81,33971.0
2021-06-15,2195.1,2208.88,2148.0,2193.0,2193.0,29361.0
2021-06-16,2192.0,2195.0,2148.0,2158.0,2158.0,27593.0
2021-06-17,2155.65,2188.0,2144.36,2156.91,2156.91,21068.0
2021-06-18,2147.0,2156.5,2065.0,2090.94,2090.94,54028.0
2021-06-21,2085.0,2099.69,2050.0,2081.64,2081.64,35488.0
2021-06-22,2092.0,2098.0,2053.89,2074.97,2074.97,33228.0
2021-06-23,2080.0,2083.0,2034.15,2038.0,2038.0,37079.0
2021-06-24,2040.01,2080.0,2021.0,2068.05,2068.05,31474.0
2021-06-25,2049.96,2109.0,2042.6,2092.0,2092.0,35875.0
2021-06-28,2100.0,2118.0,2073.0,2103.01,2103.01,27452.0
2021-06-29,2108.0,2115.0,2051.0,2062.0,2062.0,33031.0
2021-06-30,2065.0,2074.0,2046.3,2056.7,2056.7,21916.0
2021-07-01,2059.97,2110.0,2031.6,2105.0,2105.0,33701.0
2021-07-02,2075.0,2075.0,2011.5,2013.0,2013.0,46275.0
2021-07-05,2000.0,2019.88,1985.0,1994.0,1994.0,34421.0
2021-07-06,1995.0,2014.0,1960.01,2012.9,2012.9,35283.0
2021-07-07,2010.0,2028.88,1999.01,2004.0,2004.0,28122.0
2021-07-08,2000.1,2004.0,1968.0,1985.0,1985.0,35517.0
2021-07-09,1964.52,1985.91,1945.0,1972.11,1972.11,30908.0
2021-07-12,1975.55,1998.78,1940.5,1961.0,1961.0,39010.0
2021-07-13,1968.0,2005.5,1965.0,1982.9,1982.9,29925.0
2021-07-14,1974.0,1974.5,1945.0,1962.0,1962.0,30771.0
2021-07-15,1955.02,2013.0,1950.6,1997.99,1997.99,42190.0
2021-07-16,1980.0,1996.6,1950.0,1955.9,1955.9,35408.0
2021-07-19,1955.89,1986.0,1941.0,1975.0,1975.0,30052.0
2021-07-20,1975.0,1988.93,1961.41,1980.0,1980.0,23475.0
2021-07-21,1989.0,2006.0,1962.01,1969.0,1969.0,29780.0
2021-07-22,1960.0,1973.9,1938.96,1940.01,1940.01,39090.0
2021-07-23,1937.82,1937.82,1895.09,1900.0,1900.0,47585.0
2021-07-26,1879.0,1879.0,1780.0,1804.11,1804.11,98619.0
2021-07-27,1803.0,1810.0,1703.0,1712.89,1712.89,86577.0
2021-07-28,1703.0,1788.2,1682.12,1768.9,1768.9,85369.0
2021-07-29,1810.01,1823.0,1734.34,1749.79,1749.79,63864.0
2021-07-30,1725.0,1725.0,1657.76,1678.99,1678.99,77736.0
2021-08-02,1664.0,1755.98,1620.72,1755.0,1755.0,97401.0
2021-08-03,1730.0,1768.99,1688.8,1749.3,1749.3,54375.0
2021-08-04,1734.06,1760.0,1718.0,1724.0,1724.0,38175.0
2021-08-05,1692.88,1745.0,1676.36,1699.0,1699.0,48060.0
2021-08-06,1689.0,1694.01,1646.6,1671.0,1671.0,45686.0
2021-08-09,1651.0,1709.0,1650.0,1693.8,1693.8,47698.0
2021-08-10,1700.0,1802.88,1675.0,1799.0,1799.0,83285.0
2021-08-11,1780.01,1785.01,1750.01,1750.5,1750.5,38663.0
2021-08-12,1732.0,1749.0,1686.19,1690.0,1690.0,47551.0
2021-08-13,1690.0,1713.0,1679.0,1700.04,1700.04,37905.0
2021-08-16,1696.0,1713.6,1685.08,1699.2,1699.2,28057.0
2021-08-17,1700.0,1700.0,1628.88,1635.0,1635.0,61201.0
2021-08-18,1624.66,1642.99,1600.0,1620.0,1620.0,59970.0
2021-08-19,1622.22,1643.2,1600.0,1619.97,1619.97,41292.0
2021-08-20,1555.17,1597.55,1525.5,1548.0,1548.0,114545.0
2021-08-23,1537.88,1599.0,1536.77,1570.19,1570.19,71597.0
2021-08-24,1575.0,1642.55,1565.77,1625.18,1625.18,72594.0
2021-08-25,1647.64,1680.87,1643.0,1665.02,1665.02,54239.0
2021-08-26,1664.99,1664.99,1594.72,1595.0,1595.0,54020.0
2021-08-27,1589.0,1625.0,1584.1,1596.03,1596.03,36095.0
2021-08-30,1605.0,1613.0,1545.95,1586.0,1586.0,51588.0
2021-08-31,1589.8,1616.35,1555.1,1558.0,1558.0,43677.0
2021-09-01,1559.0,1634.99,1531.1,1622.01,1622.01,77316.0
2021-09-02,1632.99,1643.0,1600.89,1618.8,1618.8,42837.0
2021-09-03,1610.02,1659.79,1582.0,1658.22,1658.22,52835.0
2021-09-06,1649.0,1708.16,1626.15,1670.67,1670.67,55338.0
2021-09-07,1661.03,1684.48,1651.0,1669.0,1669.0,31211.0
2021-09-08,1660.0,1671.18,1628.08,1633.1,1633.1,33064.0
2021-09-09,1626.0,1645.0,1624.01,1634.08,1634.08,19950.0
2021-09-10,1634.08,1668.8,1633.0,1662.58,1662.58,33388.0
2021-09-13,1665.0,1684.0,1640.1,1654.0,1654.0,27720.0
2021-09-14,1659.0,1683.0,1653.0,1657.0,1657.0,33761.0
2021-09-15,1650.0,1660.0,1610.0,1615.74,1615.74,41570.0
2021-09-16,1603.0,1644.0,1585.0,1638.07,1638.07,45968.0
2021-09-17,1620.0,1705.6,1620.0,1686.0,1686.0,55130.0
2021-09-22,1658.83,1688.0,1635.0,1637.69,1637.69,31743.0
2021-09-23,1638.0,1655.88,1625.08,1635.0,1635.0,30342.0
2021-09-24,1628.0,1719.98,1628.0,1694.0,1694.0,69537.0
2021-09-27,1750.0,1863.4,1750.0,1855.0,1855.0,126869.0
2021-09-28,1848.0,1860.0,1795.0,1822.06,1822.06,49221.0
2021-09-29,1809.0,1845.01,1785.9,1820.0,1820.0,43291.0
2021-09-30,1818.18,1850.22,1803.4,1830.0,1830.0,40539.0
2021-10-08,1822.42,1878.0,1807.23,1839.6,1839.6,47452.0
2021-10-11,1839.51,1889.9,1831.01,1867.12,1867.12,37676.0
2021-10-12,1866.0,1877.0,1842.42,1870.99,1870.99,30606.0
2021-10-13,1870.0,1949.95,1862.0,1929.9,1929.9,50143.0
2021-10-14,1928.93,1941.8,1896.0,1911.0,1911.0,26623.0
2021-10-15,1890.1,1929.99,1890.1,1916.97,1916.97,28561.0
2021-10-18,1888.0,1888.0,1787.0,1800.0,1800.0,69652.0
2021-10-19,1800.0,1838.8,1799.88,1812.18,1812.18,40315.0
2021-10-20,1833.0,1849.8,1806.01,1841.0,1841.0,28663.0
2021-10-21,1841.1,1860.0,1829.0,1844.0,1844.0,23019.0
2021-10-22,1855.0,1921.01,1854.0,1901.0,1901.0,35963.0
2021-10-25,1880.0,1885.01,1858.0,1873.03,1873.03,32461.0
2021-10-26,1864.03,1878.99,1844.0,1861.05,1861.05,21130.0
2021-10-27,1852.3,1858.3,1800.1,1819.0,1819.0,34647.0
2021-10-28,1825.2,1843.78,1802.0,1825.49,1825.49,29491.0
2021-10-29,1825.0,1848.0,1813.0,1826.08,1826.08,28776.0
2021-11-01,1780.0,1826.3,1760.0,1803.0,1803.0,41690.0
2021-11-02,1796.7,1844.22,1788.0,1804.64,1804.64,32500.0
2021-11-03,1800.0,1809.98,1761.19,1765.0,1765.0,27829.0
2021-11-04,1777.94,1816.0,1769.42,1804.2,1804.2,31130.0
2021-11-05,1804.21,1844.99,1804.21,1819.94,1819.94,27077.0
2021-11-08,1820.0,1830.8,1802.05,1820.1,1820.1,17706.0
2021-11-09,1819.98,1827.87,1782.0,1790.01,1790.01,27352.0
2021-11-10,1790.01,1795.0,1735.0,1753.99,1753.99,35349.0
2021-11-11,1752.93,1769.6,1741.5,1769.6,1769.6,22652.0
2021-11-12,1778.0,1785.05,1766.66,1773.78,1773.78,17607.0
2021-11-15,1773.68,1784.0,1750.0,1761.14,1761.14,24947.0
2021-11-16,1768.0,1818.0,1765.0,1808.0,1808.0,33526.0
2021-11-17,1805.0,1820.5,1790.01,1795.0,1795.0,24505.0
2021-11-18,1781.22,1807.0,1770.0,1792.0,1792.0,19521.0
2021-11-19,1794.19,1849.0,1788.2,1828.41,1828.41,31156.0
2021-11-22,1849.0,1909.0,1848.0,1854.27,1854.27,42573.0
2021-11-23,1852.0,1917.0,1852.0,1896.43,1896.43,45782.0
2021-11-24,1900.0,1966.0,1897.0,1941.0,1941.0,54512.0
2021-11-25,1953.0,1986.2,1946.25,1956.03,1956.03,39753.0
2021-11-26,1964.83,1967.0,1925.0,1941.01,1941.01,32656.0
2021-11-29,1960.0,1990.0,1951.08,1985.0,1985.0,42399.0
2021-11-30,1985.4,1989.9,1927.5,1930.77,1930.77,36925.0
2021-12-01,1950.0,1959.95,1919.02,1932.99,1932.99,26254.0
2021-12-02,1940.0,1942.15,1919.6,1934.0,1934.0,20422.0
2021-12-03,1932.0,1988.62,1931.05,1971.88,1971.88,35818.0
2021-12-06,1983.0,1990.0,1950.0,1967.3,1967.3,31064.0
2021-12-07,1980.74,1987.87,1946.73,1955.87,1955.87,36980.0
2021-12-08,1964.88,2045.0,1950.0,2043.0,2043.0,61048.0
2021-12-09,2054.94,2116.92,2045.0,2086.55,2086.55,64239.0
2021-12-10,2060.0,2095.78,2056.0,2090.0,2090.0,43148.0
2021-12-13,2154.0,2180.0,2118.0,2118.2,2118.2,65807.0
2021-12-14,2118.2,2167.9,2100.0,2150.0,2150.0,40449.0
2021-12-15,2142.15,2164.95,2125.02,2135.0,2135.0,30078.0
2021-12-16,2115.0,2144.05,2086.23,2118.99,2118.99,37211.0
2021-12-17,2100.5,2108.0,2036.0,2050.7,2050.7,48403.0
2021-12-20,2050.7,2085.66,2041.0,2058.96,2058.96,32258.0
2021-12-21,2045.0,2069.13,2012.83,2038.2,2038.2,26286.0
2021-12-22,2040.0,2063.0,2040.0,2048.0,2048.0,17431.0
2021-12-23,2053.0,2120.0,2025.0,2120.0,2120.0,39099.0
2021-12-24,2148.88,2216.96,2148.88,2194.09,2194.09,56130.0
2021-12-27,2168.0,2168.0,2112.0,2131.82,2131.82,37556.0
2021-12-28,2133.0,2155.5,2116.6,2138.18,2138.18,27651.0
2021-12-29,2150.0,2154.25,2041.0,2041.0,2041.0,54049.0
2021-12-30,2041.0,2088.98,2028.0,2075.0,2075.0,35261.0
2021-12-31,2070.0,2072.98,2028.0,2050.0,2050.0,29665.0
2022-01-04,2055.0,2068.95,2014.0,2051.23,2051.23,33843.0
2022-01-05,2045.0,2065.0,2018.0,2024.0,2024.0,28396.0
2022-01-06,2022.01,2036.0,1938.51,1982.22,1982.22,51795.0
2022-01-07,1975.0,1988.88,1939.32,1942.0,1942.0,29817.0
2022-01-10,1928.01,1977.0,1917.55,1966.0,1966.0,29627.0
2022-01-11,1948.0,1965.0,1931.17,1940.55,1940.55,22277.0
2022-01-12,1948.0,1978.8,1948.0,1967.0,1967.0,27474.0
2022-01-13,1964.82,1967.99,1865.56,1877.39,1877.39,56747.0
2022-01-14,1877.39,1893.0,1863.0,1867.0,1867.0,29322.0
2022-01-17,1868.0,1878.3,1835.34,1861.61,1861.61,27354.0
2022-01-18,1861.68,1908.85,1852.0,1892.27,1892.27,31216.0
2022-01-19,1919.0,1919.0,1888.88,1912.0,1912.0,26371.0
2022-01-20,1916.0,1979.99,1916.0,1969.52,1969.52,34014.0
2022-01-21,1960.0,1993.49,1951.01,1984.99,1984.99,30813.0
2022-01-24,1955.0,1984.0,1931.44,1950.2,1950.2,23986.0
2022-01-25,1943.0,1966.0,1931.0,1943.0,1943.0,25510.0
2022-01-26,1942.04,1969.0,1919.0,1955.0,1955.0,23905.0
2022-01-27,2001.01,2010.82,1952.0,1965.0,1965.0,42665.0
2022-01-28,1955.0,1968.0,1880.01,1887.0,1887.0,41020.0
2022-02-07,1900.99,1913.56,1850.0,1867.96,1867.96,35150.0
2022-02-08,1868.88,1872.87,1790.0,1839.0,1839.0,41713.0
2022-02-09,1839.09,1908.0,1826.97,1895.98,1895.98,33885.0
2022-02-10,1900.0,1905.9,1857.39,1873.0,1873.0,23032.0
2022-02-11,1857.0,1900.79,1841.0,1849.97,1849.97,33746.0
2022-02-14,1840.0,1877.0,1837.31,1868.67,1868.67,20196.0
2022-02-15,1868.8,1911.0,1859.0,1890.62,1890.62,27106.0
2022-02-16,1900.0,1907.0,1888.0,1892.55,1892.55,14587.0
2022-02-17,1900.61,1911.48,1881.0,1886.99,1886.99,18214.0
2022-02-18,1877.63,1907.98,1865.66,1907.0,1907.0,19385.0
2022-02-21,1900.0,1906.9,1868.95,1876.99,1876.99,20816.0
2022-02-22,1860.01,1861.0,1800.02,1807.87,1807.87,52299.0
2022-02-23,1811.41,1834.0,1800.08,1827.01,1827.01,28112.0
2022-02-24,1808.0,1813.99,1748.1,1764.11,1764.11,65359.0
2022-02-25,1775.0,1808.28,1775.0,1799.06,1799.06,38979.0
2022-02-28,1787.06,1797.0,1767.0,1790.4,1790.4,28923.0
2022-03-01,1802.0,1863.57,1802.0,1858.48,1858.48,47379.0
2022-03-02,1840.0,1850.99,1825.0,1844.88,1844.88,20074.0
2022-03-03,1845.8,1850.25,1794.0,1800.0,1800.0,31547.0
2022-03-04,1772.0,1792.89,1755.1,1780.5,1780.5,31047.0
2022-03-07,1760.2,1768.0,1703.8,1707.0,1707.0,49156.0
2022-03-08,1759.98,1786.66,1732.0,1753.2,1753.2,57215.0
2022-03-09,1764.1,1805.0,1721.11,1779.18,1779.18,56434.0
2022-03-10,1808.0,1821.0,1791.0,1794.43,1794.43,36462.0
2022-03-11,1766.0,1777.0,1718.08,1769.01,1769.01,47727.0
2022-03-14,1730.0,1750.0,1700.0,1700.0,1700.0,49007.0
2022-03-15,1650.0,1685.0,1603.0,1603.0,1603.0,89056.0
2022-03-16,1634.0,1683.9,1593.0,1674.95,1674.95,77593.0
2022-03-17,1720.0,1755.0,1711.66,1720.15,1720.15,68352.0
2022-03-18,1718.0,1745.0,1692.28,1707.79,1707.79,38349.0
2022-03-21,1724.0,1725.65,1695.01,1704.3,1704.3,27877.0
2022-03-22,1723.88,1723.88,1686.33,1695.0,1695.0,21054.0
2022-03-23,1705.0,1770.0,1697.0,1752.19,1752.19,58067.0
2022-03-24,1738.0,1740.0,1717.35,1720.93,1720.93,25815.0
2022-03-25,1712.0,1734.0,1685.0,1690.0,1690.0,29709.0
2022-03-28,1625.0,1664.8,1604.0,1660.8,1660.8,57542.0
2022-03-29,1661.5,1691.5,1661.5,1667.0,1667.0,25935.0
2022-03-30,1698.0,1730.1,1695.0,1730.1,1730.1,42433.0
2022-03-31,1720.0,1738.6,1708.8,1719.0,1719.0,25174.0
2022-04-01,1729.94,1793.0,1721.69,1780.01,1780.01,44862.0
2022-04-06,1753.0,1788.73,1753.0,1765.0,1765.0,27820.0
2022-04-07,1758.0,1785.0,1750.1,1765.0,1765.0,20196.0
2022-04-08,1768.0,1788.7,1766.54,1784.0,1784.0,22941.0
2022-04-11,1770.0,1770.0,1706.03,1720.0,1720.0,43864.0
2022-04-12,1729.0,1787.97,1708.0,1782.0,1782.0,41630.0
2022-04-13,1767.0,1795.0,1751.08,1769.0,1769.0,31148.0
2022-04-14,1788.0,1835.9,1780.2,1809.0,1809.0,37650.0
2022-04-15,1802.2,1818.0,1795.89,1805.99,1805.99,21041.0
2022-04-18,1781.13,1798.0,1768.0,1790.82,1790.82,19793.0
2022-04-19,1800.0,1832.99,1775.5,1790.3,1790.3,24205.0
2022-04-20,1801.69,1820.0,1768.68,1797.0,1797.0,24156.0
2022-04-21,1790.2,1806.0,1770.0,1779.98,1779.98,28953.0
2022-04-22,1763.0,1787.88,1760.18,1773.0,1773.0,27900.0
2022-04-25,1750.0,1776.5,1702.0,1708.0,1708.0,53658.0
2022-04-26,1703.33,1748.98,1700.0,1732.48,1732.48,44564.0
2022-04-27,1767.12,1810.0,1767.12,1794.92,1794.92,57402.0
2022-04-28,1793.0,1845.0,1786.5,1835.0,1835.0,44010.0
2022-04-29,1836.0,1849.0,1810.98,1828.38,1828.38,34885.0
2022-05-05,1830.0,1870.0,1828.98,1837.0,1837.0,33661.0
2022-05-06,1814.99,1819.0,1781.0,1793.0,1793.0,28596.0
2022-05-09,1780.0,1780.0,1738.0,1752.0,1752.0,30352.0
2022-05-10,1720.0,1784.96,1705.01,1766.19,1766.19,40119.0
2022-05-11,1755.0,1788.48,1752.0,1768.0,1768.0,30313.0
2022-05-12,1753.0,1778.0,1750.0,1762.67,1762.67,22038.0
2022-05-13,1780.0,1797.94,1766.0,1778.24,1778.24,20731.0
2022-05-16,1797.0,1797.0,1742.67,1758.0,1758.0,27765.0
2022-05-17,1769.88,1775.0,1755.0,1768.0,1768.0,20145.0
2022-05-18,1773.66,1773.92,1743.02,1761.0,1761.0,24850.0
2022-05-19,1745.0,1757.0,1739.0,1756.0,1756.0,19776.0
2022-05-20,1759.99,1801.15,1752.0,1800.01,1800.01,41950.0
2022-05-23,1800.0,1803.89,1772.0,1781.0,1781.0,22157.0
2022-05-24,1786.0,1787.0,1755.5,1760.0,1760.0,27342.0
2022-05-25,1765.27,1772.0,1747.0,1755.51,1755.51,22389.0
2022-05-26,1761.0,1761.0,1730.0,1742.8,1742.8,28053.0
2022-05-27,1759.99,1780.0,1753.01,1755.16,1755.16,25120.0
2022-05-30,1766.0,1790.55,1766.0,1778.41,1778.41,34466.0
2022-05-31,1774.77,1814.9,1766.98,1804.03,1804.03,40751.0
2022-06-01,1802.0,1814.78,1779.0,1788.25,1788.25,21760.0
2022-06-02,1787.97,1795.8,1780.0,1786.0,1786.0,16915.0
2022-06-06,1790.0,1795.0,1758.0,1788.0,1788.0,36741.0
2022-06-07,1784.14,1825.0,1770.31,1817.9,1817.9,35049.0
2022-06-08,1825.0,1882.0,1825.0,1865.6,1865.6,44354.0
2022-06-09,1872.0,1888.35,1849.0,1853.0,1853.0,26329.0
2022-06-10,1845.01,1907.0,1835.0,1900.6,1900.6,47345.0
2022-06-13,1890.0,1892.0,1848.08,1856.0,1856.0,36755.0
2022-06-14,1834.0,1875.42,1832.0,1871.0,1871.0,29416.0
2022-06-15,1870.0,1905.0,1862.99,1875.1,1875.1,33664.0
2022-06-16,1894.59,1907.63,1875.33,1877.0,1877.0,26887.0
2022-06-17,1878.09,1952.0,1878.09,1951.0,1951.0,50542.0
2022-06-20,1950.0,1970.0,1930.0,1942.02,1942.02,34975.0
2022-06-21,1949.0,1966.99,1928.0,1945.74,1945.74,23717.0
2022-06-22,1955.0,1958.0,1932.0,1936.0,1936.0,19647.0
2022-06-23,1942.7,1965.04,1940.0,1957.1,1957.1,26844.0
2022-06-24,1970.0,2020.0,1965.0,2009.01,2009.01,39635.0
2022-06-27,2019.94,2049.94,2000.3,2010.55,2010.55,40115.0
2022-06-28,2019.74,2041.0,2001.0,2036.0,2036.0,25246.0
2022-06-29,2028.0,2042.0,2011.01,2030.0,2030.0,30360.0
2022-06-30,2000.0,2077.0,1999.99,2045.0,2045.0,38982.0
2022-07-01,2055.0,2067.77,2015.21,2029.05,2029.05,21596.0
2022-07-04,2020.01,2024.29,2001.01,2018.0,2018.0,25076.0
2022-07-05,2025.28,2054.45,2010.0,2033.01,2033.01,26329.0
2022-07-06,2032.0,2039.0,1986.0,2002.0,2002.0,32752.0
2022-07-07,2005.0,2009.35,1985.01,1990.0,1990.0,20932.0
2022-07-08,2005.0,2014.89,1996.16,1999.0,1999.0,15644.0
2022-07-11,1990.2,1994.77,1950.5,1963.6,1963.6,23949.0
2022-07-12,1965.0,1972.8,1930.06,1948.41,1948.41,23447.0
2022-07-13,1945.0,1972.0,1940.67,1958.89,1958.89,19854.0
2022-07-14,1960.0,1976.8,1941.0,1953.0,1953.0,20527.0
2022-07-15,1945.11,1999.68,1944.51,1949.5,1949.5,33416.0
2022-07-18,1952.36,1959.0,1922.0,1951.66,1951.66,24221.0
2022-07-19,1945.0,1951.65,1926.0,1943.1,1943.1,21956.0
2022-07-20,1958.75,1970.0,1945.0,1950.1,1950.1,18705.0
2022-07-21,1943.1,1955.9,1934.51,1939.0,1939.0,14061.0
2022-07-22,1949.22,1962.0,1935.0,1947.0,1947.0,25114.0
2022-07-25,1949.51,1952.3,1931.0,1944.65,1944.65,16912.0
2022-07-26,1952.99,1964.97,1947.02,1950.21,1950.21,20685.0
2022-07-27,1942.0,1948.0,1917.0,1919.6,1919.6,21490.0
2022-07-28,1921.1,1938.0,1892.66,1898.0,1898.0,34870.0
2022-07-29,1895.1,1918.99,1878.1,1898.44,1898.44,37032.0
2022-08-01,1890.01,1908.0,1881.18,1890.3,1890.3,21037.0
2022-08-02,1880.0,1887.98,1858.01,1879.98,1879.98,28221.0
2022-08-03,1889.99,1904.0,1877.0,1885.0,1885.0,24598.0
2022-08-04,1890.0,1923.1,1880.13,1916.01,1916.01,30357.0
2022-08-05,1927.8,1935.0,1904.9,1923.96,1923.96,20086.0
2022-08-08,1915.15,1932.88,1907.51,1911.53,1911.53,16799.0
2022-08-09,1911.53,1918.99,1905.0,1910.0,1910.0,13875.0
2022-08-10,1909.98,1918.0,1864.58,1876.0,1876.0,27927.0
2022-08-11,1886.0,1907.0,1878.01,1906.9,1906.9,26061.0
2022-08-12,1906.9,1930.0,1900.0,1928.0,1928.0,20260.0
2022-08-15,1920.46,1939.5,1915.55,1919.89,1919.89,19323.0
2022-08-16,1923.94,1933.79,1916.0,1917.84,1917.84,14836.0
2022-08-17,1930.0,1930.0,1895.0,1918.0,1918.0,18361.0
2022-08-18,1908.0,1913.08,1881.07,1895.5,1895.5,23168.0
2022-08-19,1898.0,1908.35,1888.0,1895.01,1895.01,13544.0
2022-08-22,1885.01,1907.0,1881.38,1893.98,1893.98,15427.0
2022-08-23,1898.6,1898.6,1867.0,1870.01,1870.01,23756.0
2022-08-24,1869.99,1875.23,1851.0,1854.2,1854.2,18728.0
2022-08-25,1859.0,1888.0,1854.2,1885.0,1885.0,21925.0
2022-08-26,1900.0,1912.0,1886.0,1898.0,1898.0,23142.0
2022-08-29,1883.0,1899.97,1874.0,1878.82,1878.82,13570.0
2022-08-30,1882.35,1885.0,1854.2,1870.0,1870.0,18235.0
2022-08-31,1860.1,1925.56,1860.01,1924.0,1924.0,44692.0
2022-09-01,1912.15,1916.0,1880.89,1880.89,1880.89,26845.0
2022-09-02,1889.94,1892.96,1866.17,1875.0,1875.0,19391.0
2022-09-05,1862.64,1869.0,1820.0,1835.0,1835.0,36822.0
2022-09-06,1835.36,1848.2,1825.0,1845.0,1845.0,20830.0
2022-09-07,1835.03,1837.66,1811.01,1818.01,1818.01,28306.0
2022-09-08,1820.0,1832.0,1815.0,1815.0,1815.0,16591.0
2022-09-09,1825.0,1852.0,1816.0,1844.79,1844.79,27090.0
2022-09-13,1880.0,1888.38,1858.23,1879.0,1879.0,28693.0
2022-09-14,1864.01,1880.0,1863.0,1869.0,1869.0,16042.0
2022-09-15,1870.0,1893.12,1869.96,1880.0,1880.0,20810.0
2022-09-16,1871.8,1885.6,1855.11,1859.0,1859.0,24121.0
2022-09-19,1855.0,1888.59,1852.88,1871.64,1871.64,18584.0
2022-09-20,1869.98,1884.6,1858.55,1878.0,1878.0,14116.0
2022-09-21,1876.67,1883.0,1848.0,1848.0,1848.0,20995.0
2022-09-22,1840.0,1841.02,1816.85,1820.81,1820.81,22704.0
2022-09-23,1820.81,1855.0,1820.81,1834.43,1834.43,28288.0
2022-09-26,1820.0,1888.0,1819.98,1863.0,1863.0,35135.0
2022-09-27,1868.86,1897.0,1851.11,1888.0,1888.0,28820.0
2022-09-28,1880.5,1899.4,1874.01,1883.0,1883.0,21446.0
2022-09-29,1897.98,1902.18,1871.13,1880.35,1880.35,21590.0
2022-09-30,1898.62,1901.99,1866.0,1872.5,1872.5,21289.0
2022-10-10,1890.0,1891.0,1780.2,1786.0,1786.0,48584.0
2022-10-11,1789.0,1806.0,1760.0,1779.99,1779.99,32047.0
2022-10-12,1773.66,1779.0,1708.0,1760.0,1760.0,48195.0
2022-10-13,1720.46,1735.0,1697.0,1699.99,1699.99,63969.0
2022-10-14,1710.0,1755.0,1701.94,1737.61,1737.61,46520.0
2022-10-17,1726.0,1727.99,1697.8,1718.5,1718.5,33550.0
2022-10-18,1725.0,1730.0,1701.0,1705.83,1705.83,28083.0
2022-10-19,1701.98,1701.98,1648.0,1648.0,1648.0,60121.0
2022-10-20,1621.0,1668.43,1611.0,1643.5,1643.5,42778.0
2022-10-21,1640.0,1647.8,1610.0,1624.0,1624.0,38907.0
2022-10-24,1570.0,1589.0,1488.01,1501.28,1501.28,132098.0
2022-10-25,1479.42,1515.0,1472.0,1479.75,1479.75,81362.0
2022-10-26,1488.8,1514.99,1460.0,1464.08,1464.08,81781.0
2022-10-27,1480.0,1487.98,1383.85,1401.0,1401.0,107106.0
2022-10-28,1390.77,1406.0,1358.71,1360.0,1360.0,93143.0
2022-10-31,1350.0,1382.01,1333.0,1350.0,1350.0,71847.0
2022-11-01,1359.0,1469.4,1359.0,1462.01,1462.01,118766.0
2022-11-02,1460.0,1506.0,1436.0,1471.96,1471.96,79777.0
2022-11-03,1443.57,1462.5,1428.1,1439.5,1439.5,45160.0
2022-11-04,1437.96,1527.77,1437.96,1516.57,1516.57,80008.0
2022-11-07,1494.05,1518.48,1486.59,1507.11,1507.11,42698.0
2022-11-08,1508.0,1517.99,1468.96,1484.88,1484.88,39325.0
2022-11-09,1483.95,1488.88,1450.0,1459.9,1459.9,36090.0
2022-11-10,1444.0,1485.0,1435.15,1475.0,1475.0,37720.0
2022-11-11,1528.0,1544.45,1494.98,1528.15,1528.15,73947.0
2022-11-14,1543.5,1563.53,1528.0,1533.0,1533.0,57370.0
2022-11-15,1532.0,1598.97,1521.0,1588.0,1588.0,56318.0
2022-11-16,1581.0,1598.0,1568.0,1585.25,1585.25,26848.0
2022-11-17,1590.5,1596.3,1552.88,1567.0,1567.0,30580.0
2022-11-18,1576.0,1584.0,1556.0,1567.13,1567.13,23609.0
2022-11-21,1541.35,1541.35,1498.53,1519.98,1519.98,39096.0
2022-11-22,1517.44,1559.74,1516.11,1539.95,1539.95,29901.0
2022-11-23,1528.0,1557.0,1521.04,1549.0,1549.0,22177.0
2022-11-24,1559.0,1568.88,1513.98,1519.99,1519.99,27687.0
2022-11-25,1520.51,1532.0,1510.0,1522.01,1522.01,18621.0
2022-11-28,1484.78,1515.0,1451.0,1509.88,1509.88,47723.0
2022-11-29,1569.56,1600.0,1551.0,1599.0,1599.0,73420.0
2022-11-30,1587.12,1604.0,1585.0,1599.0,1599.0,31497.0
2022-12-01,1660.0,1680.0,1630.79,1630.8,1630.8,51358.0
2022-12-02,1635.0,1652.99,1621.2,1633.88,1633.88,23884.0
2022-12-05,1668.0,1679.0,1649.0,1664.9,1664.9,36127.0
2022-12-06,1655.0,1726.9,1652.0,1688.0,1688.0,44147.0
2022-12-07,1677.81,1720.0,1670.03,1684.0,1684.0,35526.0
2022-12-08,1682.0,1695.0,1665.0,1687.02,1687.02,19730.0
2022-12-09,1692.0,1730.0,1682.0,1730.0,1730.0,39215.0
2022-12-12,1715.86,1766.0,1715.0,1739.02,1739.02,34755.0
2022-12-13,1737.0,1760.69,1730.0,1750.0,1750.0,21385.0
2022-12-14,1743.0,1780.8,1743.0,1770.87,1770.87,29098.0
2022-12-15,1805.0,1816.0,1780.0,1786.99,1786.99,30634.0
2022-12-16,1773.25,1791.0,1743.0,1786.87,1786.87,33303.0
2022-12-19,1798.8,1798.8,1760.17,1773.0,1773.0,24987.0
2022-12-20,1765.33,1765.33,1682.45,1715.0,1715.0,46198.0
2022-12-21,1724.0,1739.0,1717.65,1739.0,1739.0,22816.0
2022-12-22,1756.7,1783.0,1745.0,1768.0,1768.0,23175.0
2022-12-23,1752.4,1782.0,1745.0,1771.0,1771.0,17319.0
2022-12-26,1771.0,1771.0,1735.02,1742.06,1742.06,21384.0
2022-12-27,1738.0,1747.15,1725.5,1733.0,1733.0,17905.0
2022-12-28,1745.88,1747.0,1708.01,1733.0,1733.0,21438.0
2022-12-29,1717.0,1726.99,1701.05,1719.0,1719.0,22418.0
2022-12-30,1736.0,1752.99,1727.0,1727.0,1727.0,25333.0
2023-01-03,1731.2,1738.43,1706.01,1730.01,1730.01,26034.0
2023-01-04,1730.0,1738.7,1716.0,1725.01,1725.01,20416.0
2023-01-05,1737.0,1801.0,1733.0,1801.0,1801.0,47943.0
2023-01-06,1806.12,1811.9,1787.0,1803.77,1803.77,24904.0
2023-01-09,1835.0,1849.98,1807.82,1841.2,1841.2,30977.0
2023-01-10,1839.06,1864.5,1830.5,1854.45,1854.45,22732.0
2023-01-11,1856.0,1860.0,1836.84,1844.95,1844.95,22720.0
2023-01-12,1848.0,1856.0,1833.0,1834.0,1834.0,17193.0
2023-01-13,1844.18,1888.0,1840.0,1887.0,1887.0,31940.0
2023-01-16,1886.0,1935.0,1881.0,1912.9,1912.9,36848.0
2023-01-17,1913.16,1923.0,1895.0,1908.0,1908.0,21299.0
2023-01-18,1914.0,1925.3,1890.0,1893.0,1893.0,21063.0
2023-01-19,1892.5,1892.52,1866.0,1880.21,1880.21,23439.0
2023-01-20,1889.19,1898.25,1858.0,1860.01,1860.01,25609.0
2023-01-30,1909.0,1909.0,1880.0,1888.0,1888.0,35923.0
2023-01-31,1896.5,1899.95,1833.07,1845.76,1845.76,32991.0
2023-02-01,1854.98,1859.0,1811.4,1844.97,1844.97,33974.0
2023-02-02,1848.38,1859.0,1826.0,1836.11,1836.11,29759.0
2023-02-03,1820.0,1826.0,1795.68,1818.0,1818.0,34945.0
2023-02-06,1780.0,1795.0,1760.0,1795.0,1795.0,42661.0
2023-02-07,1808.08,1808.8,1787.73,1797.0,1797.0,24322.0
2023-02-08,1800.01,1805.97,1775.0,1784.0,1784.0,16676.0
2023-02-09,1778.0,1829.75,1775.01,1818.0,1818.0,29754.0
2023-02-10,1810.1,1818.49,1801.05,1810.0,1810.0,17985.0
2023-02-13,1810.0,1874.5,1810.0,1856.35,1856.35,38147.0
2023-02-14,1856.46,1857.4,1835.0,1843.79,1843.79,19566.0
2023-02-15,1843.78,1855.3,1835.81,1841.0,1841.0,18177.0
2023-02-16,1841.34,1887.0,1828.0,1861.82,1861.82,33246.0
2023-02-17,1850.16,1873.0,1820.05,1820.78,1820.78,26443.0
2023-02-20,1821.0,1878.8,1817.2,1875.0,1875.0,29669.0
2023-02-21,1874.0,1874.0,1851.0,1867.0,1867.0,18751.0
2023-02-22,1855.01,1863.9,1831.8,1836.0,1836.0,21869.0
2023-02-23,1840.0,1848.8,1805.25,1818.0,1818.0,21881.0
2023-02-24,1810.11,1810.19,1782.18,1788.0,1788.0,24635.0
2023-02-27,1778.5,1815.0,1775.02,1810.41,1810.41,22065.0
2023-02-28,1819.0,1822.01,1783.3,1813.74,1813.74,23952.0
2023-03-01,1813.0,1848.0,1803.23,1838.53,1838.53,24458.0
2023-03-02,1829.0,1838.99,1821.1,1828.0,1828.0,13144.0
2023-03-03,1839.77,1841.61,1802.48,1818.04,1818.04,16198.0
2023-03-06,1818.18,1818.5,1796.77,1807.14,1807.14,20646.0
2023-03-07,1805.98,1816.6,1788.0,1788.3,1788.3,22785.0
2023-03-08,1780.02,1785.94,1761.12,1770.42,1770.42,22764.0
2023-03-09,1768.0,1785.0,1740.0,1770.02,1770.02,27612.0
2023-03-10,1751.57,1781.0,1750.0,1750.0,1750.0,21161.0
2023-03-13,1751.0,1775.0,1749.0,1762.0,1762.0,20560.0
2023-03-14,1763.78,1779.88,1738.5,1766.0,1766.0,23705.0
2023-03-15,1778.37,1784.88,1750.12,1750.92,1750.92,19213.0
2023-03-16,1740.0,1770.0,1739.01,1751.99,1751.99,17646.0
2023-03-17,1770.0,1775.89,1736.0,1742.0,1742.0,27023.0
2023-03-20,1751.0,1755.0,1728.0,1729.6,1729.6,20491.0
2023-03-21,1735.0,1785.85,1723.97,1775.0,1775.0,31142.0
2023-03-22,1780.0,1793.0,1765.55,1773.35,1773.35,15330.0
2023-03-23,1766.0,1791.11,1765.01,1774.86,1774.86,17356.0
2023-03-24,1769.08,1783.6,1766.0,1778.62,1778.62,12770.0
2023-03-27,1778.6,1778.6,1756.0,1767.79,1767.79,15296.0
2023-03-28,1770.0,1790.0,1765.02,1781.8,1781.8,17261.0
2023-03-29,1799.0,1800.0,1785.07,1790.0,1790.0,15393.0
2023-03-30,1793.0,1805.0,1779.0,1800.0,1800.0,19257.0
2023-03-31,1825.0,1848.0,1819.0,1820.0,1820.0,27446.0
2023-04-03,1825.0,1827.77,1800.08,1802.07,1802.07,21417.0
2023-04-04,1812.0,1815.17,1787.0,1814.59,1814.59,20066.0
2023-04-06,1805.0,1815.9,1788.22,1796.96,1796.96,14874.0
2023-04-07,1795.0,1806.01,1788.34,1790.99,1790.99,13525.0
2023-04-10,1790.88,1790.88,1744.0,1771.7,1771.7,29418.0
2023-04-11,1793.0,1793.0,1744.0,1745.5,1745.5,29209.0
2023-04-12,1747.26,1750.0,1692.82,1694.1,1694.1,51105.0
2023-04-13,1690.0,1723.59,1684.01,1723.0,1723.0,29543.0
2023-04-14,1726.0,1733.0,1704.8,1713.42,1713.42,21232.0
2023-04-17,1740.0,1753.0,1728.0,1753.0,1753.0,30467.0
2023-04-18,1753.0,1769.0,1746.02,1758.0,1758.0,18314.0
2023-04-19,1762.0,1765.5,1750.0,1759.0,1759.0,14601.0
2023-04-20,1760.11,1765.0,1729.0,1741.88,1741.88,19885.0
2023-04-21,1746.0,1748.08,1721.28,1725.47,1725.47,18518.0
2023-04-24,1721.0,1722.0,1701.0,1705.0,1705.0,20231.0
2023-04-25,1706.0,1735.98,1702.0,1730.38,1730.38,20583.0
2023-04-26,1744.0,1761.0,1720.0,1743.91,1743.91,27892.0
2023-04-27,1748.0,1770.0,1730.0,1757.92,1757.92,25605.0
2023-04-28,1763.01,1782.77,1753.97,1760.52,1760.52,26225.0
2023-05-04,1769.0,1777.67,1736.0,1749.9,1749.9,27466.0
2023-05-05,1766.0,1766.0,1736.39,1750.0,1750.0,20714.0
2023-05-08,1768.32,1769.0,1717.17,1720.52,1720.52,33171.0
2023-05-09,1715.0,1739.98,1707.07,1722.0,1722.0,29378.0
2023-05-10,1715.19,1736.0,1715.0,1725.0,1725.0,20773.0
2023-05-11,1731.0,1735.0,1715.0,1717.07,1717.07,15246.0
2023-05-12,1715.0,1729.88,1705.01,1706.4,1706.4,19460.0
2023-05-15,1702.0,1717.0,1691.2,1716.3,1716.3,25740.0
2023-05-16,1713.99,1719.99,1697.0,1703.29,1703.29,22224.0
2023-05-17,1708.0,1713.0,1699.01,1701.0,1701.0,16777.0
2023-05-18,1704.99,1705.4,1690.0,1691.0,1691.0,19219.0
2023-05-19,1671.0,1704.33,1655.55,1699.5,1699.5,26741.0
2023-05-22,1690.01,1752.0,1690.0,1746.0,1746.0,41284.0
2023-05-23,1753.99,1754.0,1724.55,1724.55,1724.55,16894.0
2023-05-24,1732.33,1733.55,1710.11,1710.9,1710.9,18479.0
2023-05-25,1705.99,1710.0,1690.0,1701.0,1701.0,22466.0
2023-05-26,1702.0,1705.0,1675.01,1690.56,1690.56,18291.0
2023-05-29,1697.0,1698.35,1678.0,1689.0,1689.0,17771.0
2023-05-30,1689.0,1698.89,1658.56,1668.29,1668.29,26453.0
2023-05-31,1661.01,1665.72,1626.67,1628.9,1628.9,36957.0
2023-06-01,1618.0,1674.99,1618.0,1635.92,1635.92,28645.0
2023-06-02,1645.0,1673.15,1636.11,1670.6,1670.6,25058.0
2023-06-05,1666.16,1682.88,1663.0,1665.0,1665.0,16201.0
2023-06-06,1670.0,1684.0,1651.55,1666.99,1666.99,19914.0
2023-06-07,1672.99,1678.8,1650.0,1650.9,1650.9,17890.0
2023-06-08,1655.83,1675.0,1650.01,1668.0,1668.0,14703.0
2023-06-09,1671.99,1677.97,1666.0,1666.0,1666.0,17580.0
2023-06-12,1666.02,1708.0,1661.52,1696.0,1696.0,27029.0
2023-06-13,1693.88,1704.61,1685.0,1699.0,1699.0,14663.0
2023-06-14,1719.0,1734.24,1706.21,1726.88,1726.88,31506.0
2023-06-15,1730.34,1755.65,1723.0,1755.0,1755.0,25223.0
2023-06-16,1757.0,1800.0,1750.1,1797.69,1797.69,37918.0
2023-06-19,1790.0,1797.95,1738.0,1744.0,1744.0,31700.0
2023-06-20,1740.0,1765.0,1735.0,1743.46,1743.46,20947.0
2023-06-21,1740.0,1756.6,1735.0,1735.83,1735.83,17721.0
2023-06-26,1720.11,1730.0,1695.0,1709.0,1709.0,23993.0
2023-06-27,1709.99,1719.7,1700.09,1711.05,1711.05,15174.0
2023-06-28,1713.18,1734.0,1711.0,1728.38,1728.38,18574.0
2023-06-29,1731.0,1734.99,1713.01,1713.71,1713.71,14231.0
2023-06-30,1700.0,1708.99,1686.48,1691.0,1691.0,20459.0
2023-07-03,1699.0,1725.28,1692.0,1724.1,1724.1,19139.0
2023-07-04,1724.2,1734.44,1718.08,1730.6,1730.6,12472.0
2023-07-05,1730.0,1731.97,1700.0,1715.38,1715.38,14745.0
2023-07-06,1709.16,1733.0,1700.0,1702.98,1702.98,15141.0
2023-07-07,1701.0,1708.99,1690.0,1690.03,1690.03,15167.0
2023-07-10,1705.0,1714.96,1700.0,1700.9,1700.9,13477.0
2023-07-11,1710.0,1715.17,1702.1,1710.0,1710.0,12583.0
2023-07-12,1713.04,1723.0,1711.33,1713.8,1713.8,13285.0
2023-07-13,1721.99,1745.41,1719.01,1738.4,1738.4,25807.0
2023-07-14,1756.0,1758.5,1741.2,1753.0,1753.0,18550.0
2023-07-17,1751.0,1751.0,1726.6,1729.97,1729.97,14336.0
2023-07-18,1733.58,1734.51,1721.0,1722.8,1722.8,14738.0
2023-07-19,1715.01,1728.0,1713.8,1723.0,1723.0,12483.0
2023-07-20,1727.99,1748.98,1722.0,1724.0,1724.0,16693.0
2023-07-21,1731.88,1772.5,1726.0,1771.3,1771.3,39377.0
2023-07-24,1750.52,1771.15,1750.52,1771.15,1771.15,19713.0
2023-07-25,1800.0,1828.88,1799.99,1828.55,1828.55,43086.0
2023-07-26,1828.55,1835.99,1815.08,1828.55,1828.55,19611.0
2023-07-27,1836.0,1854.79,1828.7,1838.03,1838.03,20340.0
2023-07-28,1832.0,1900.0,1828.01,1897.0,1897.0,39018.0
2023-07-31,1908.0,1935.0,1874.0,1880.58,1880.58,45379.0
2023-08-01,1878.01,1906.95,1877.89,1889.0,1889.0,19231.0
2023-08-02,1883.4,1890.0,1866.8,1880.0,1880.0,18509.0
2023-08-03,1870.0,1890.0,1850.5,1878.47,1878.47,21543.0
2023-08-04,1887.82,1906.52,1882.0,1893.47,1893.47,24574.0
2023-08-07,1880.95,1898.0,1871.03,1887.93,1887.93,23892.0
2023-08-08,1880.03,1893.71,1864.08,1890.0,1890.0,17736.0
2023-08-09,1890.0,1905.0,1882.96,1890.28,1890.28,18523.0
2023-08-10,1882.0,1889.0,1862.3,1875.0,1875.0,18436.0
2023-08-11,1885.0,1885.4,1833.88,1834.0,1834.0,26786.0
2023-08-14,1810.0,1824.98,1796.0,1803.0,1803.0,23731.0
2023-08-15,1809.0,1818.0,1801.01,1812.98,1812.98,14818.0
2023-08-16,1807.58,1823.35,1806.0,1820.0,1820.0,13184.0
2023-08-17,1806.08,1834.0,1801.55,1828.05,1828.05,17290.0
2023-08-18,1831.99,1834.99,1802.59,1802.59,1802.59,17023.0
2023-08-21,1793.0,1813.99,1790.07,1791.0,1791.0,18912.0
2023-08-22,1800.99,1802.56,1771.02,1788.0,1788.0,26650.0
2023-08-23,1797.0,1800.0,1770.08,1774.0,1774.0,19912.0
2023-08-24,1779.62,1828.0,1775.0,1816.3,1816.3,26055.0
2023-08-25,1808.79,1837.77,1806.01,1824.98,1824.98,18831.0
2023-08-28,1898.58,1898.58,1831.88,1834.97,1834.97,41052.0
2023-08-29,1828.0,1869.08,1828.0,1851.33,1851.33,28950.0
2023-08-30,1867.9,1868.0,1843.66,1856.0,1856.0,19812.0
2023-08-31,1860.0,1860.0,1841.01,1847.0,1847.0,14820.0
2023-09-01,1852.83,1865.47,1846.03,1851.05,1851.05,13145.0
2023-09-04,1862.6,1879.94,1853.53,1866.0,1866.0,23871.0
2023-09-05,1868.0,1868.0,1856.8,1858.7,1858.7,15659.0
2023-09-06,1858.0,1866.66,1849.01,1861.0,1861.0,11121.0
2023-09-07,1852.6,1856.89,1831.19,1838.0,1838.0,16982.0
2023-09-08,1834.94,1834.94,1814.95,1818.5,1818.5,12212.0
2023-09-11,1808.0,1840.0,1808.0,1822.17,1822.17,15926.0
2023-09-12,1826.6,1826.98,1816.02,1819.96,1819.96,12168.0
2023-09-13,1829.92,1829.92,1800.05,1819.91,1819.91,19501.0
2023-09-14,1822.53,1826.98,1806.0,1818.69,1818.69,17505.0
2023-09-15,1819.0,1819.78,1781.3,1781.99,1781.99,28431.0
2023-09-18,1776.31,1829.5,1773.0,1829.2,1829.2,32559.0
2023-09-19,1822.2,1829.0,1808.0,1826.94,1826.94,14990.0
2023-09-20,1822.0,1830.0,1818.05,1824.0,1824.0,12502.0
2023-09-21,1818.01,1822.0,1798.39,1798.39,1798.39,19489.0
2023-09-22,1805.63,1849.96,1792.41,1849.0,1849.0,34390.0
2023-09-25,1847.5,1848.0,1826.59,1832.38,1832.38,13979.0
2023-09-26,1828.0,1834.88,1813.1,1816.0,1816.0,15762.0
2023-09-27,1815.0,1833.5,1802.8,1814.0,1814.0,20880.0
2023-09-28,1824.98,1824.98,1797.8,1798.55,1798.55,20538.0
2023-10-09,1796.94,1796.94,1764.9,1777.0,1777.0,29763.0
2023-10-10,1782.89,1798.98,1768.0,1770.0,1770.0,20284.0
2023-10-11,1784.65,1784.65,1768.0,1778.5,1778.5,21945.0
2023-10-12,1797.9,1798.23,1777.2,1786.0,1786.0,14865.0
2023-10-13,1770.88,1778.01,1738.19,1751.0,1751.0,25028.0
2023-10-16,1750.98,1756.0,1722.45,1729.9,1729.9,20790.0
2023-10-17,1739.0,1739.44,1716.0,1726.0,1726.0,14945.0
2023-10-18,1718.8,1742.0,1717.18,1728.0,1728.0,20318.0
2023-10-19,1700.0,1700.03,1626.03,1630.0,1630.0,73492.0
2023-10-20,1630.0,1655.0,1616.25,1645.0,1645.0,45376.0
2023-10-23,1629.97,1660.0,1621.6,1643.98,1643.98,25234.0
2023-10-24,1648.0,1653.36,1621.21,1642.95,1642.95,29861.0
2023-10-25,1670.11,1698.0,1667.02,1677.5,1677.5,36179.0
2023-10-26,1667.0,1688.0,1662.01,1672.23,1672.23,22386.0
2023-10-27,1664.0,1691.88,1660.6,1676.71,1676.71,34262.0
2023-10-30,1669.0,1688.88,1669.0,1681.0,1681.0,24086.0
2023-10-31,1680.0,1690.0,1667.85,1684.58,1684.58,19859.0
2023-11-01,1850.0,1850.0,1773.79,1780.99,1780.99,93143.0
2023-11-02,1795.0,1795.0,1776.06,1779.5,1779.5,27908.0
2023-11-03,1780.0,1814.89,1774.0,1811.24,1811.24,30176.0
2023-11-06,1820.0,1823.79,1801.12,1812.0,1812.0,25524.0
2023-11-07,1805.0,1810.0,1784.08,1791.17,1791.17,19582.0
2023-11-08,1784.05,1803.8,1782.87,1798.34,1798.34,14546.0
2023-11-09,1790.11,1799.0,1783.0,1794.11,1794.11,12800.0
2023-11-10,1780.55,1788.0,1773.1,1775.84,1775.84,16466.0
2023-11-13,1772.28,1784.88,1756.98,1764.0,1764.0,18370.0
2023-11-14,1764.0,1774.99,1760.01,1765.27,1765.27,12817.0
2023-11-15,1779.0,1782.89,1767.0,1772.93,1772.93,18435.0
2023-11-16,1774.0,1776.0,1760.05,1760.05,1760.05,12558.0
2023-11-17,1752.0,1759.0,1737.9,1753.42,1753.42,21714.0
2023-11-20,1755.0,1769.5,1736.66,1762.5,1762.5,18608.0
2023-11-21,1783.42,1798.0,1770.1,1790.0,1790.0,30098.0
2023-11-22,1783.3,1794.35,1780.54,1781.51,1781.51,12665.0
2023-11-23,1778.3,1788.0,1771.0,1786.0,1786.0,11550.0
2023-11-24,1789.0,1789.0,1775.0,1777.0,1777.0,13085.0
2023-11-27,1773.3,1773.3,1755.0,1763.0,1763.0,16261.0
2023-11-28,1761.0,1773.88,1758.0,1769.04,1769.04,14520.0
2023-11-29,1768.0,1776.0,1758.0,1774.71,1774.71,17149.0
2023-11-30,1776.72,1794.76,1771.08,1791.5,1791.5,21353.0
2023-12-01,1789.31,1789.7,1748.0,1760.28,1760.28,33051.0
2023-12-04,1760.28,1761.83,1745.28,1750.71,1750.71,18440.0
2023-12-05,1748.78,1748.88,1708.02,1709.0,1709.0,29903.0
2023-12-06,1702.63,1719.47,1701.13,1703.0,1703.0,23851.0
2023-12-07,1704.0,1709.08,1687.3,1700.0,1700.0,25042.0
2023-12-08,1700.0,1708.84,1692.22,1704.92,1704.92,26288.0
2023-12-11,1690.0,1704.0,1657.0,1698.0,1698.0,36831.0
2023-12-12,1687.6,1709.99,1684.0,1709.99,1709.99,21011.0
2023-12-13,1705.22,1705.72,1657.08,1660.0,1660.0,38789.0
2023-12-14,1665.96,1669.87,1635.02,1635.9,1635.9,40672.0
2023-12-15,1648.23,1677.77,1644.01,1645.0,1645.0,37093.0
2023-12-18,1640.0,1663.33,1635.0,1662.0,1662.0,19897.0
2023-12-19,1665.0,1679.87,1645.09,1675.0,1675.0,22207.0
2023-12-20,1658.0,1660.0,1643.0,1649.79,1649.79,23092.0
2023-12-21,1640.01,1672.32,1640.01,1670.0,1670.0,29012.0
2023-12-22,1669.7,1679.1,1658.01,1670.65,1670.65,21667.0
2023-12-25,1671.0,1678.6,1668.0,1672.0,1672.0,12471.0
2023-12-26,1672.5,1674.9,1657.5,1670.0,1670.0,14771.0
2023-12-27,1668.0,1677.15,1661.0,1667.06,1667.06,16056.0
2023-12-28,1670.99,1727.99,1667.06,1724.99,1724.99,38338.0
2023-12-29,1720.0,1749.58,1720.0,1726.0,1726.0,27539.0
